ID_spellbook,n_of_decks
1,658
2,767
3,1
4,1
5,15
6,38
7,17
8,2
9,3
10,187
11,147
12,220
13,72
14,167
15,131
16,187
17,66
18,876
19,4611
20,203
21,1537
22,527
23,735
24,1083
25,1520
26,1
27,1
28,1
29,1
30,1
31,0
32,167
33,14
34,20
35,28
36,980
37,884
38,1901
39,491
40,502
41,173
42,854
43,6
44,357
45,938
46,1049
47,183
48,2
49,16
50,2
51,7
52,1084
53,4762
54,52
55,1
56,0
57,0
58,17
59,23
60,59
61,454
62,451
63,211
64,234
65,222
66,122
67,12
68,1
69,364
70,582
71,151
72,21
73,0
74,1
75,1
76,1
77,0
78,12
79,65
80,170
81,56
82,3
83,15
84,24
85,15
86,0
87,0
88,0
89,5
90,0
91,13
92,7
93,4
94,26
95,0
96,65
97,20
98,13
99,643
100,63
101,2576
102,10
103,1197
104,41
105,11
106,23
107,15
108,21
109,1067
110,462
111,2011
112,360
113,1013
114,13
115,0
116,3
117,0
118,0
119,0
120,0
121,0
122,0
123,0
124,0
125,0
126,0
127,0
128,0
129,0
130,1
131,1
132,0
133,0
134,0
135,0
136,0
137,0
138,0
139,0
140,0
141,0
142,0
143,0
144,0
145,0
146,0
147,0
148,0
149,0
150,1
151,1
152,0
153,0
154,4
155,0
156,17
157,0
158,0
159,0
160,0
161,1
162,1
163,0
164,0
165,0
166,0
167,0
168,0
169,0
170,0
171,0
172,0
173,0
174,0
175,1
176,0
177,0
178,0
179,0
180,0
181,0
182,0
183,0
184,0
185,0
186,0
187,0
188,1
189,0
190,0
191,0
192,0
193,0
194,0
195,0
196,0
197,0
198,0
199,0
200,0
201,0
202,0
203,0
204,0
205,0
206,1
207,0
208,0
209,0
210,0
211,0
212,0
213,0
214,0
215,0
216,0
217,0
218,0
219,0
220,1
221,0
222,0
223,1
224,1
225,0
226,0
227,0
228,0
229,0
230,0
231,0
232,0
233,1
234,1
235,0
236,1
237,0
238,0
239,0
240,0
241,1
242,1
243,0
244,0
245,0
246,0
247,0
248,0
249,1
250,2
251,0
252,1
253,1
254,0
255,0
256,0
257,0
258,0
259,0
260,0
261,0
262,0
263,0
264,0
265,0
266,1
267,0
268,0
269,0
270,0
271,0
272,0
273,0
274,0
275,1
276,1
277,0
278,0
279,0
280,0
281,0
282,0
283,0
284,0
285,1
286,1
287,0
288,0
289,0
290,0
291,0
292,0
293,0
294,0
295,0
296,0
297,0
298,0
299,4
300,4
301,0
302,0
303,0
304,0
305,0
306,0
307,0
308,0
309,0
310,0
311,0
312,0
313,0
314,0
315,0
316,0
317,9
318,9
319,0
320,0
321,0
322,0
323,0
324,0
325,0
326,0
327,0
328,0
329,0
330,0
331,0
332,0
333,0
334,0
335,0
336,0
337,0
338,0
339,0
340,0
341,1
342,1
343,1
344,1
345,1
346,1
347,0
348,0
349,0
350,0
351,0
352,0
353,0
354,0
355,0
356,0
357,0
358,0
359,0
360,0
361,0
362,0
363,0
364,0
365,1
366,0
367,0
368,0
369,1
370,1
371,0
372,0
373,0
374,0
375,0
376,0
377,1
378,1
379,1
380,0
381,0
382,0
383,0
384,0
385,0
386,1
387,0
388,0
389,0
390,0
391,0
392,0
393,0
394,0
395,0
396,0
397,0
398,0
399,1
400,1
401,0
402,0
403,0
404,0
405,0
406,0
407,0
408,0
409,1
410,1
411,0
412,1
413,0
414,0
415,0
416,0
417,137
418,168
419,1
420,0
421,7
422,0
423,1
424,0
425,2
426,0
427,0
428,1
429,0
430,0
431,0
432,0
433,4
434,2
435,0
436,23
437,0
438,1
439,34
440,23
441,3050
442,1302
443,2
444,0
445,1
446,779
447,4
448,7
449,726
450,2078
451,1770
452,0
453,1661
454,164
455,603
456,68
457,462
458,247
459,114
460,831
461,98
462,690
463,142
464,0
465,0
466,3
467,12
468,6
469,6
470,2522
471,661
472,158
473,139
474,4430
475,256
476,308
477,189
478,414
479,1249
480,508
481,532
482,590
483,658
484,315
485,333
486,3436
487,2142
488,24
489,7359
490,298
491,257
492,0
493,0
494,0
495,0
496,1
497,0
498,1
499,2
500,0
501,2
502,0
503,2
504,2
505,3
506,0
507,0
508,1
509,0
510,0
511,0
512,0
513,2
514,4
515,0
516,14
517,3
518,4
519,9
520,0
521,11
522,23
523,62
524,1
525,1
526,1
527,4
528,0
529,0
530,0
531,0
532,0
533,0
534,0
535,0
536,0
537,0
538,0
539,0
540,0
541,0
542,0
543,0
544,0
545,0
546,0
547,0
548,0
549,0
550,0
551,0
552,0
553,1
554,0
555,1
556,0
557,0
558,0
559,1
560,0
561,0
562,0
563,0
564,0
565,0
566,0
567,0
568,1
569,0
570,0
571,1
572,0
573,2
574,0
575,0
576,0
577,0
578,1
579,0
580,1
581,0
582,0
583,0
584,0
585,1
586,0
587,0
588,5
589,1
590,0
591,4
592,0
593,2
594,3
595,1
596,0
597,0
598,0
599,0
600,0
601,0
602,0
603,2
604,0
605,0
606,8
607,1
608,0
609,5
610,0
611,4
612,5
613,1
614,0
615,0
616,0
617,1
618,145
619,417
620,130
621,63
622,146
623,72
624,21
625,35
626,24
627,2696
628,1174
629,789
630,563
631,584
632,1206
633,1004
634,1287
635,1162
636,486
637,244
638,62
639,475
640,451
641,411
642,212
643,204
644,94
645,130
646,94
647,223
648,118
649,30
650,218
651,181
652,184
653,100
654,80
655,62
656,88
657,54
658,1
659,15
660,1
661,2
662,184
663,121
664,0
665,3
666,116
667,9
668,77
669,88
670,293
671,24
672,0
673,0
674,0
675,0
676,0
677,0
678,0
679,0
680,0
681,0
682,6
683,0
684,0
685,0
686,0
687,0
688,0
689,0
690,0
691,0
692,0
693,0
694,0
695,0
696,1
697,0
698,0
699,0
700,0
701,0
702,0
703,1
704,0
705,0
706,0
707,0
708,0
709,0
710,0
711,0
712,0
713,0
714,0
715,0
716,1
717,0
718,0
719,0
720,0
721,0
722,0
723,0
724,83
725,789
726,18
727,77
728,0
729,216
730,66
731,1
732,0
733,0
734,6
735,12
736,19
737,11
738,17
739,13
740,546
741,329
742,139
743,1238
744,152
745,1145
746,1036
747,0
748,0
749,0
750,0
751,2
752,0
753,0
754,4
755,6
756,0
757,0
758,9
759,6
760,587
761,437
762,0
763,0
764,2663
765,101
766,23
767,186
768,59
769,0
770,455
771,115
772,11
773,63
774,35
775,0
776,155
777,41
778,13
779,87
780,19
781,0
782,156
783,55
784,4
785,0
786,87
787,67
788,0
789,0
790,2
791,7
792,0
793,0
794,4
795,7
796,42
797,34
798,1
799,3
800,0
801,3
802,0
803,2
804,2
805,4
806,1
807,0
808,0
809,1
810,0
811,0
812,1
813,0
814,0
815,1
816,0
817,0
818,834
819,3134
820,634
821,2043
822,387
823,12024
824,0
825,107
826,0
827,0
828,0
829,0
830,0
831,6761
832,4415
833,20266
834,124
835,26
836,32
837,34
838,1708
839,307
840,149
841,96
842,5
843,105
844,40
845,3
846,2
847,0
848,69
849,133
850,79
851,1680
852,863
853,3112
854,0
855,0
856,9
857,19
858,1
859,23
860,4509
861,46
862,18
863,1
864,0
865,5
866,151
867,95
868,115
869,88
870,258
871,48
872,0
873,2
874,0
875,0
876,0
877,0
878,1
879,0
880,6
881,0
882,1
883,3
884,1
885,0
886,243
887,6777
888,402
889,3636
890,1356
891,29701
892,1509
893,156
894,197
895,3
896,152
897,239
898,34
899,15
900,26
901,4515
902,168
903,84
904,1729
905,12
906,13
907,1647
908,8311
909,3644
910,0
911,32
912,0
913,2614
914,3
915,213
916,615
917,1039
918,581
919,1091
920,290
921,1
922,1
923,15
924,1232
925,3392
926,25
927,18
928,35
929,25
930,0
931,0
932,313
933,529
934,848
935,709
936,680
937,84
938,402
939,769
940,1260
941,983
942,880
943,191
944,863
945,522
946,0
947,555
948,65
949,39
950,67
951,38
952,61
953,34
954,143
955,174
956,91
957,183
958,92
959,110
960,58
961,74
962,43
963,476
964,6
965,0
966,0
967,0
968,9
969,14
970,15
971,15
972,16
973,13
974,14
975,15
976,14
977,13
978,11
979,0
980,0
981,0
982,0
983,0
984,0
985,0
986,0
987,0
988,0
989,0
990,0
991,0
992,0
993,0
994,0
995,0
996,0
997,0
998,0
999,0
1000,0
1001,3
1002,3
1003,3
1004,3
1005,3
1006,3
1007,3
1008,3
1009,3
1010,3
1011,3
1012,0
1013,0
1014,0
1015,0
1016,0
1017,0
1018,0
1019,0
1020,0
1021,0
1022,0
1023,0
1024,1
1025,1
1026,1
1027,1
1028,1
1029,12
1030,9
1031,3
1032,1
1033,13
1034,0
1035,14
1036,1
1037,2
1038,1
1039,0
1040,10
1041,1
1042,3
1043,12
1044,14
1045,11
1046,11
1047,1
1048,0
1049,2
1050,28
1051,24
1052,2
1053,2
1054,23
1055,1
1056,30
1057,1
1058,2
1059,2
1060,1
1061,26
1062,2
1063,12
1064,27
1065,30
1066,24
1067,27
1068,3
1069,1
1070,113
1071,517
1072,0
1073,2
1074,0
1075,15
1076,2
1077,11
1078,67
1079,0
1080,205
1081,61
1082,39
1083,149
1084,71
1085,11
1086,133
1087,281
1088,116
1089,26
1090,230
1091,171
1092,88
1093,16
1094,149
1095,33
1096,131
1097,7032
1098,2221
1099,1894
1100,1239
1101,13446
1102,9966
1103,3105
1104,0
1105,3
1106,1
1107,1
1108,3
1109,29
1110,373
1111,52
1112,164
1113,1787
1114,683
1115,150
1116,5
1117,38
1118,18
1119,3
1120,346
1121,302
1122,979
1123,323
1124,1
1125,0
1126,70
1127,0
1128,3
1129,209
1130,2
1131,0
1132,4
1133,56
1134,2
1135,85
1136,3
1137,15
1138,43
1139,3
1140,1752
1141,11
1142,48
1143,52
1144,53
1145,49
1146,503
1147,39
1148,45
1149,43
1150,41
1151,219
1152,35
1153,36
1154,29
1155,28
1156,35
1157,33
1158,38
1159,41
1160,41
1161,67
1162,490
1163,175
1164,168
1165,169
1166,162
1167,176
1168,169
1169,7
1170,13
1171,111
1172,249
1173,132
1174,89
1175,186
1176,734
1177,348
1178,372
1179,195
1180,64
1181,43
1182,812
1183,565
1184,1191
1185,250
1186,431
1187,923
1188,306
1189,46
1190,154
1191,203
1192,394
1193,264
1194,523
1195,823
1196,237
1197,339
1198,274
1199,271
1200,226
1201,558
1202,87
1203,167
1204,71
1205,775
1206,367
1207,510
1208,152
1209,191
1210,241
1211,446
1212,70
1213,121
1214,305
1215,4
1216,2
1217,0
1218,0
1219,263
1220,507
1221,97
1222,32
1223,28
1224,164
1225,21
1226,96
1227,3743
1228,488
1229,2486
1230,2101
1231,3
1232,3
1233,2
1234,4
1235,6
1236,7
1237,4
1238,7
1239,5
1240,8
1241,5
1242,8
1243,3
1244,5
1245,3
1246,3
1247,3
1248,3
1249,3
1250,3
1251,12
1252,14
1253,11
1254,14
1255,10
1256,19
1257,14
1258,19
1259,5
1260,4
1261,3
1262,8
1263,2
1264,3
1265,2
1266,3
1267,10
1268,11
1269,10
1270,11
1271,10
1272,16
1273,13
1274,13
1275,4
1276,4
1277,5
1278,6
1279,1056
1280,119
1281,276
1282,93
1283,322
1284,126
1285,0
1286,4860
1287,50
1288,148
1289,2
1290,184
1291,120
1292,72
1293,2
1294,1
1295,1
1296,0
1297,70
1298,1955
1299,2707
1300,1983
1301,414
1302,108
1303,453
1304,2103
1305,99
1306,56
1307,0
1308,2
1309,0
1310,0
1311,0
1312,0
1313,0
1314,1
1315,0
1316,0
1317,14
1318,0
1319,29
1320,13
1321,10
1322,464
1323,192
1324,375
1325,225
1326,0
1327,0
1328,0
1329,0
1330,0
1331,0
1332,0
1333,0
1334,0
1335,0
1336,0
1337,0
1338,819
1339,343
1340,528
1341,1
1342,0
1343,0
1344,0
1345,0
1346,1
1347,160
1348,0
1349,48
1350,406
1351,3
1352,289
1353,151
1354,61
1355,485
1356,67
1357,390
1358,0
1359,1
1360,0
1361,2
1362,0
1363,1
1364,1106
1365,91
1366,135
1367,8
1368,14
1369,7
1370,7954
1371,0
1372,132
1373,699
1374,11
1375,1289
1376,47
1377,4
1378,418
1379,3
1380,5
1381,160
1382,66
1383,156
1384,0
1385,0
1386,0
1387,0
1388,0
1389,0
1390,3
1391,18
1392,1
1393,1
1394,3
1395,106
1396,63
1397,0
1398,2
1399,2
1400,0
1401,55
1402,0
1403,3
1404,2
1405,13
1406,1
1407,3
1408,204
1409,138
1410,222
1411,26
1412,0
1413,213
1414,1
1415,0
1416,5
1417,30
1418,44
1419,2
1420,4
1421,23
1422,141
1423,5
1424,0
1425,12
1426,0
1427,4
1428,255
1429,60
1430,51
1431,0
1432,3
1433,27
1434,176
1435,0
1436,18
1437,3
1438,0
1439,0
1440,3
1441,119
1442,207
1443,62
1444,1
1445,1
1446,4
1447,0
1448,1
1449,0
1450,0
1451,2
1452,1
1453,0
1454,22
1455,0
1456,12
1457,4
1458,2
1459,8
1460,0
1461,2
1462,126
1463,0
1464,3
1465,6
1466,8
1467,757
1468,138
1469,672
1470,1
1471,1
1472,0
1473,17
1474,0
1475,1
1476,65
1477,1
1478,39
1479,61
1480,0
1481,0
1482,0
1483,96
1484,54
1485,7
1486,2
1487,0
1488,0
1489,1
1490,0
1491,0
1492,0
1493,0
1494,0
1495,0
1496,2
1497,0
1498,3158
1499,1018
1500,2149
1501,11768
1502,452
1503,168
1504,998
1505,2
1506,0
1507,0
1508,2
1509,1
1510,2
1511,0
1512,4
1513,0
1514,0
1515,0
1516,0
1517,94
1518,930
1519,0
1520,0
1521,0
1522,0
1523,0
1524,33
1525,124
1526,0
1527,184
1528,29
1529,0
1530,0
1531,4
1532,1
1533,2
1534,0
1535,2
1536,0
1537,0
1538,3
1539,0
1540,0
1541,0
1542,0
1543,0
1544,0
1545,0
1546,0
1547,0
1548,0
1549,0
1550,0
1551,6
1552,0
1553,30
1554,0
1555,55
1556,15
1557,0
1558,0
1559,2
1560,1
1561,1
1562,0
1563,0
1564,0
1565,0
1566,2
1567,0
1568,5
1569,0
1570,0
1571,6
1572,1
1573,6
1574,0
1575,11
1576,0
1577,0
1578,3
1579,1
1580,0
1581,0
1582,0
1583,0
1584,0
1585,15
1586,0
1587,1
1588,3
1589,12
1590,1
1591,2
1592,0
1593,0
1594,0
1595,0
1596,2
1597,2
1598,0
1599,0
1600,0
1601,1
1602,2
1603,2
1604,2
1605,0
1606,7
1607,1
1608,56
1609,0
1610,0
1611,380
1612,360
1613,455
1614,181
1615,450
1616,260
1617,288
1618,188
1619,60
1620,122
1621,77
1622,76
1623,3
1624,431
1625,55
1626,517
1627,213
1628,303
1629,110
1630,548
1631,232
1632,26
1633,2818
1634,48
1635,114
1636,876
1637,661
1638,33
1639,333
1640,2344
1641,682
1642,791
1643,4255
1644,4772
1645,1290
1646,2438
1647,318
1648,294
1649,13
1650,12
1651,20
1652,202
1653,248
1654,57
1655,0
1656,0
1657,0
1658,11
1659,144
1660,519
1661,225
1662,271
1663,143
1664,16
1665,125
1666,252
1667,300
1668,7
1669,204
1670,4
1671,0
1672,3
1673,0
1674,18
1675,12
1676,51
1677,14
1678,39
1679,56
1680,1582
1681,4
1682,0
1683,0
1684,0
1685,18
1686,14
1687,2883
1688,2
1689,3
1690,0
1691,0
1692,159
1693,0
1694,0
1695,1044
1696,2
1697,0
1698,5
1699,0
1700,54
1701,13
1702,38
1703,59
1704,1438
1705,1
1706,1
1707,1194
1708,0
1709,0
1710,284
1711,0
1712,1
1713,2471
1714,567
1715,9249
1716,30
1717,22
1718,2
1719,2
1720,10
1721,6
1722,62
1723,308
1724,35
1725,5169
1726,2812
1727,1911
1728,3
1729,3
1730,2
1731,2
1732,101
1733,62
1734,161
1735,116
1736,76
1737,56
1738,17
1739,12
1740,932
1741,680
1742,13
1743,6
1744,31
1745,18
1746,0
1747,0
1748,88
1749,69
1750,8
1751,8
1752,6
1753,8
1754,1523
1755,1118
1756,26
1757,15
1758,6
1759,5
1760,1086
1761,940
1762,186
1763,150
1764,82
1765,61
1766,4
1767,11
1768,13
1769,351
1770,494
1771,0
1772,4
1773,27
1774,758
1775,35
1776,1749
1777,3
1778,6
1779,36
1780,120
1781,66
1782,16
1783,8
1784,236
1785,2
1786,36
1787,8
1788,2
1789,108
1790,1
1791,1596
1792,69
1793,1643
1794,1034
1795,469
1796,150
1797,1609
1798,961
1799,571
1800,233
1801,80
1802,884
1803,697
1804,425
1805,241
1806,72
1807,563
1808,0
1809,0
1810,0
1811,0
1812,107
1813,1085
1814,1143
1815,1484
1816,158
1817,339
1818,743
1819,22
1820,4
1821,136
1822,441
1823,2169
1824,0
1825,691
1826,312
1827,4219
1828,390
1829,344
1830,8
1831,29
1832,497
1833,14
1834,15
1835,4
1836,63
1837,1
1838,1
1839,530
1840,1290
1841,460
1842,3
1843,5
1844,185
1845,20
1846,5
1847,3
1848,5
1849,219
1850,273
1851,88
1852,33
1853,203
1854,8
1855,3
1856,70
1857,201
1858,5
1859,11
1860,736
1861,88
1862,278
1863,357
1864,484
1865,32
1866,70
1867,34
1868,49
1869,26
1870,4
1871,446
1872,99
1873,100
1874,13
1875,12
1876,143
1877,264
1878,9
1879,61
1880,5
1881,7
1882,103
1883,170
1884,0
1885,31
1886,61
1887,3
1888,5
1889,309
1890,10
1891,7
1892,98
1893,284
1894,249
1895,165
1896,439
1897,408
1898,216
1899,105
1900,118
1901,106
1902,61
1903,33
1904,28
1905,15
1906,42
1907,210
1908,614
1909,80
1910,112
1911,111
1912,150
1913,39
1914,109
1915,121
1916,92
1917,97
1918,3537
1919,855
1920,1125
1921,1683
1922,1371
1923,2304
1924,73
1925,52
1926,631
1927,1479
1928,0
1929,3
1930,13
1931,0
1932,0
1933,8
1934,12
1935,0
1936,336
1937,0
1938,1
1939,1
1940,1
1941,3
1942,18
1943,46
1944,22
1945,0
1946,7
1947,9
1948,7
1949,0
1950,0
1951,2
1952,2
1953,0
1954,4
1955,3
1956,1
1957,3
1958,0
1959,8
1960,5
1961,6
1962,2
1963,77
1964,187
1965,0
1966,193
1967,234
1968,16
1969,2
1970,0
1971,1
1972,0
1973,1
1974,0
1975,106
1976,497
1977,277
1978,109
1979,3
1980,1
1981,443
1982,0
1983,0
1984,3
1985,1
1986,2
1987,53
1988,0
1989,3
1990,1
1991,20
1992,13
1993,11
1994,2613
1995,9
1996,1675
1997,3208
1998,3734
1999,1589
2000,2007
2001,41
2002,204
2003,430
2004,233
2005,22
2006,102
2007,194
2008,141
2009,23
2010,75
2011,104
2012,84
2013,138
2014,318
2015,463
2016,611
2017,10
2018,0
2019,4
2020,3
2021,0
2022,1
2023,2234
2024,1602
2025,2502
2026,613
2027,4
2028,332
2029,919
2030,720
2031,1
2032,792
2033,2917
2034,1
2035,100
2036,0
2037,37
2038,37
2039,30
2040,3
2041,0
2042,49
2043,52
2044,171
2045,22
2046,153
2047,244
2048,593
2049,571
2050,6
2051,0
2052,37
2053,103
2054,3
2055,5
2056,13
2057,2
2058,0
2059,0
2060,0
2061,1333
2062,369
2063,100
2064,678
2065,215
2066,1
2067,2
2068,2
2069,10
2070,19
2071,2
2072,3
2073,12
2074,27
2075,1532
2076,102
2077,22
2078,242
2079,105
2080,0
2081,0
2082,1443
2083,1928
2084,1105
2085,6467
2086,0
2087,0
2088,754
2089,1088
2090,568
2091,3439
2092,4205
2093,207
2094,188
2095,9
2096,209
2097,155
2098,6
2099,15
2100,826
2101,6
2102,4
2103,11
2104,6
2105,3
2106,74
2107,238
2108,243
2109,174
2110,176
2111,211
2112,61
2113,9
2114,7
2115,624
2116,140
2117,132
2118,388
2119,932
2120,3
2121,0
2122,0
2123,1
2124,0
2125,0
2126,11
2127,1
2128,6
2129,0
2130,1
2131,0
2132,1
2133,4
2134,2
2135,200
2136,425
2137,5
2138,13
2139,43
2140,2
2141,11
2142,2
2143,11
2144,7
2145,0
2146,0
2147,2
2148,6
2149,3
2150,50
2151,0
2152,1
2153,0
2154,3
2155,4
2156,0
2157,40
2158,1697
2159,265
2160,288
2161,62
2162,832
2163,0
2164,4
2165,11
2166,7
2167,0
2168,5
2169,474
2170,279
2171,60
2172,10
2173,0
2174,0
2175,0
2176,0
2177,254
2178,288
2179,471
2180,0
2181,0
2182,0
2183,0
2184,0
2185,0
2186,20
2187,0
2188,0
2189,512
2190,1482
2191,770
2192,1009
2193,3894
2194,1001
2195,322
2196,1090
2197,2
2198,2
2199,218
2200,928
2201,159
2202,409
2203,1
2204,138
2205,3863
2206,6
2207,32
2208,22
2209,11
2210,6
2211,22
2212,16
2213,7
2214,4
2215,12
2216,8
2217,3
2218,5
2219,17
2220,12
2221,5
2222,1
2223,1
2224,0
2225,195
2226,248
2227,311
2228,120
2229,13
2230,28
2231,29
2232,8
2233,55
2234,56
2235,1
2236,0
2237,69
2238,2
2239,81
2240,2
2241,4
2242,0
2243,0
2244,0
2245,0
2246,0
2247,0
2248,0
2249,0
2250,0
2251,0
2252,651
2253,4
2254,13
2255,17
2256,11
2257,2
2258,1428
2259,4731
2260,10
2261,12
2262,14
2263,6
2264,7
2265,7
2266,21
2267,0
2268,20
2269,4
2270,11
2271,1
2272,5
2273,5
2274,52
2275,514
2276,1
2277,1
2278,46
2279,0
2280,56
2281,71
2282,86
2283,56
2284,31
2285,56
2286,31
2287,4
2288,52
2289,91
2290,44
2291,5
2292,75
2293,206
2294,0
2295,0
2296,0
2297,178
2298,147
2299,1719
2300,417
2301,361
2302,1447
2303,183
2304,781
2305,0
2306,2
2307,1
2308,11
2309,163
2310,4
2311,7
2312,4
2313,993
2314,1134
2315,606
2316,711
2317,5484
2318,1992
2319,6039
2320,2498
2321,2566
2322,2917
2323,3074
2324,1403
2325,1451
2326,496
2327,145
2328,130
2329,56
2330,65
2331,46
2332,109
2333,92
2334,32
2335,838
2336,536
2337,352
2338,350
2339,210
2340,948
2341,410
2342,1530
2343,3
2344,4
2345,15
2346,6
2347,3
2348,43
2349,110
2350,3
2351,4
2352,3
2353,137
2354,3
2355,4
2356,3
2357,3
2358,3
2359,54
2360,160
2361,72
2362,128
2363,7
2364,3
2365,34
2366,101
2367,4
2368,3
2369,3
2370,116
2371,2
2372,4
2373,3
2374,3
2375,1
2376,47
2377,137
2378,72
2379,113
2380,2
2381,2
2382,32
2383,2
2384,8
2385,4
2386,2
2387,155
2388,54
2389,1
2390,213
2391,5
2392,4
2393,135
2394,250
2395,2
2396,218
2397,2
2398,2
2399,39
2400,2
2401,8
2402,5
2403,2
2404,162
2405,59
2406,1
2407,226
2408,5
2409,4
2410,138
2411,262
2412,3
2413,228
2414,17
2415,34
2416,87
2417,119
2418,9
2419,9
2420,3
2421,218
2422,3
2423,5
2424,5
2425,3
2426,4
2427,79
2428,299
2429,158
2430,265
2431,20
2432,34
2433,72
2434,111
2435,8
2436,7
2437,3
2438,194
2439,3
2440,4
2441,3
2442,3
2443,4
2444,80
2445,278
2446,148
2447,246
2448,2
2449,2
2450,2
2451,2
2452,1
2453,0
2454,1
2455,3
2456,2
2457,0
2458,2
2459,3
2460,1
2461,2
2462,3
2463,1
2464,2
2465,2
2466,2
2467,3
2468,2
2469,1
2470,0
2471,1
2472,4
2473,3
2474,0
2475,3
2476,3
2477,1
2478,2
2479,5
2480,2
2481,3
2482,9
2483,4
2484,62
2485,129
2486,6
2487,4
2488,3
2489,176
2490,3
2491,5
2492,6
2493,3
2494,3
2495,58
2496,201
2497,89
2498,159
2499,19
2500,33
2501,278
2502,131
2503,25
2504,21
2505,6
2506,605
2507,60
2508,13
2509,232
2510,5
2511,31
2512,319
2513,945
2514,154
2515,722
2516,19
2517,18
2518,141
2519,270
2520,6
2521,13
2522,9
2523,349
2524,9
2525,5
2526,13
2527,4
2528,3
2529,102
2530,427
2531,193
2532,308
2533,19
2534,21
2535,127
2536,250
2537,4
2538,12
2539,7
2540,314
2541,7
2542,4
2543,10
2544,4
2545,1
2546,93
2547,380
2548,194
2549,294
2550,4
2551,5
2552,77
2553,3
2554,16
2555,13
2556,3
2557,380
2558,166
2559,4
2560,468
2561,14
2562,7
2563,180
2564,527
2565,10
2566,385
2567,5
2568,5
2569,82
2570,4
2571,16
2572,14
2573,3
2574,387
2575,165
2576,4
2577,475
2578,14
2579,7
2580,181
2581,538
2582,12
2583,392
2584,37
2585,55
2586,286
2587,336
2588,12
2589,23
2590,8
2591,604
2592,12
2593,8
2594,19
2595,7
2596,3
2597,141
2598,733
2599,375
2600,574
2601,37
2602,52
2603,245
2604,277
2605,12
2606,21
2607,8
2608,495
2609,12
2610,6
2611,17
2612,6
2613,3
2614,126
2615,620
2616,326
2617,489
2618,4
2619,4
2620,4
2621,4
2622,2
2623,2
2624,1
2625,10
2626,7
2627,1
2628,11
2629,5
2630,1
2631,4
2632,13
2633,6
2634,4
2635,4
2636,4
2637,6
2638,4
2639,2
2640,1
2641,1
2642,15
2643,11
2644,1
2645,15
2646,5
2647,1
2648,6
2649,18
2650,11
2651,8
2652,24
2653,24
2654,270
2655,354
2656,9
2657,16
2658,9
2659,568
2660,10
2661,7
2662,15
2663,5
2664,3
2665,120
2666,648
2667,286
2668,482
2669,38
2670,49
2671,886
2672,362
2673,85
2674,95
2675,13
2676,1854
2677,178
2678,20
2679,499
2680,16
2681,43
2682,576
2683,2536
2684,381
2685,1667
2686,18
2687,15
2688,181
2689,238
2690,8
2691,8
2692,7
2693,430
2694,8
2695,7
2696,11
2697,3
2698,4
2699,63
2700,458
2701,164
2702,290
2703,17
2704,17
2705,170
2706,226
2707,5
2708,10
2709,6
2710,382
2711,6
2712,5
2713,8
2714,3
2715,1
2716,56
2717,407
2718,163
2719,277
2720,2
2721,2
2722,84
2723,3
2724,10
2725,8
2726,3
2727,413
2728,198
2729,2
2730,432
2731,10
2732,5
2733,111
2734,496
2735,7
2736,275
2737,2
2738,2
2739,94
2740,4
2741,10
2742,9
2743,3
2744,434
2745,206
2746,2
2747,443
2748,10
2749,5
2750,113
2751,513
2752,7
2753,284
2754,31
2755,29
2756,415
2757,328
2758,10
2759,17
2760,7
2761,853
2762,12
2763,9
2764,15
2765,4
2766,4
2767,82
2768,896
2769,344
2770,628
2771,29
2772,26
2773,311
2774,250
2775,10
2776,16
2777,7
2778,613
2779,12
2780,8
2781,12
2782,4
2783,5
2784,77
2785,671
2786,277
2787,484
2788,2
2789,2
2790,4
2791,4
2792,1
2793,1
2794,1
2795,9
2796,5
2797,0
2798,8
2799,3
2800,1
2801,3
2802,10
2803,4
2804,4
2805,2
2806,2
2807,8
2808,5
2809,1
2810,0
2811,1
2812,16
2813,11
2814,1
2815,12
2816,4
2817,1
2818,4
2819,17
2820,7
2821,10
2822,22
2823,19
2824,370
2825,344
2826,13
2827,12
2828,7
2829,758
2830,9
2831,8
2832,12
2833,3
2834,4
2835,71
2836,787
2837,266
2838,521
2839,35
2840,27
2841,1168
2842,361
2843,54
2844,63
2845,11
2846,2505
2847,215
2848,26
2849,462
2850,11
2851,43
2852,364
2853,2893
2854,361
2855,1550
2856,12
2857,10
2858,48
2859,136
2860,6
2861,7
2862,3
2863,148
2864,4
2865,3
2866,8
2867,4
2868,4
2869,83
2870,201
2871,90
2872,137
2873,12
2874,12
2875,45
2876,118
2877,5
2878,7
2879,2
2880,119
2881,3
2882,2
2883,6
2884,4
2885,1
2886,72
2887,169
2888,89
2889,119
2890,3
2891,5
2892,39
2893,3
2894,12
2895,8
2896,1
2897,225
2898,96
2899,2
2900,294
2901,8
2902,4
2903,153
2904,337
2905,6
2906,256
2907,3
2908,4
2909,42
2910,4
2911,12
2912,10
2913,1
2914,228
2915,97
2916,2
2917,305
2918,8
2919,4
2920,157
2921,349
2922,6
2923,263
2924,20
2925,28
2926,81
2927,137
2928,4
2929,9
2930,2
2931,212
2932,5
2933,3
2934,8
2935,5
2936,2
2937,104
2938,305
2939,174
2940,233
2941,19
2942,29
2943,66
2944,122
2945,5
2946,9
2947,2
2948,182
2949,3
2950,3
2951,8
2952,5
2953,2
2954,101
2955,263
2956,155
2957,207
2958,3
2959,4
2960,3
2961,4
2962,3
2963,3
2964,1
2965,5
2966,3
2967,0
2968,7
2969,4
2970,1
2971,5
2972,6
2973,4
2974,3
2975,3
2976,3
2977,4
2978,3
2979,2
2980,1
2981,1
2982,6
2983,3
2984,1
2985,5
2986,4
2987,1
2988,4
2989,6
2990,4
2991,4
2992,12
2993,11
2994,69
2995,154
2996,5
2997,7
2998,3
2999,184
3000,4
3001,3
3002,8
3003,4
3004,4
3005,87
3006,242
3007,104
3008,169
3009,18
3010,26
3011,481
3012,160
3013,50
3014,53
3015,5
3016,1077
3017,102
3018,13
3019,315
3020,9
3021,38
3022,440
3023,1597
3024,173
3025,1004
3026,19
3027,17
3028,92
3029,223
3030,8
3031,11
3032,8
3033,257
3034,33
3035,6
3036,46
3037,7
3038,3
3039,87
3040,319
3041,148
3042,225
3043,20
3044,19
3045,88
3046,180
3047,6
3048,11
3049,7
3050,226
3051,8
3052,4
3053,12
3054,6
3055,1
3056,76
3057,285
3058,149
3059,211
3060,3
3061,4
3062,61
3063,29
3064,13
3065,12
3066,4
3067,326
3068,173
3069,2
3070,442
3071,19
3072,5
3073,160
3074,440
3075,11
3076,328
3077,3
3078,3
3079,66
3080,7
3081,13
3082,14
3083,4
3084,330
3085,150
3086,2
3087,409
3088,13
3089,5
3090,162
3091,445
3092,9
3093,334
3094,29
3095,43
3096,210
3097,231
3098,12
3099,16
3100,8
3101,464
3102,10
3103,6
3104,15
3105,5
3106,4
3107,109
3108,559
3109,285
3110,441
3111,33
3112,45
3113,176
3114,204
3115,12
3116,15
3117,8
3118,383
3119,10
3120,6
3121,14
3122,6
3123,4
3124,108
3125,477
3126,257
3127,378
3128,3
3129,4
3130,4
3131,32
3132,2
3133,2
3134,1
3135,9
3136,34
3137,0
3138,50
3139,9
3140,1
3141,5
3142,14
3143,8
3144,9
3145,3
3146,4
3147,5
3148,9
3149,2
3150,1
3151,1
3152,13
3153,12
3154,0
3155,15
3156,9
3157,1
3158,6
3159,19
3160,11
3161,13
3162,23
3163,19
3164,194
3165,251
3166,14
3167,13
3168,8
3169,423
3170,9
3171,6
3172,16
3173,4
3174,3
3175,95
3176,486
3177,207
3178,359
3179,34
3180,43
3181,634
3182,260
3183,60
3184,68
3185,12
3186,1386
3187,155
3188,18
3189,421
3190,13
3191,40
3192,469
3193,1875
3194,293
3195,1262
3196,642
3197,515
3198,305
3199,214
3200,211
3201,127
3202,11
3203,5
3204,3
3205,2
3206,5
3207,10104
3208,222
3209,233
3210,160
3211,6
3212,5
3213,10
3214,15
3215,6
3216,1393
3217,891
3218,42
3219,2
3220,8
3221,91
3222,0
3223,0
3224,0
3225,1
3226,1
3227,0
3228,0
3229,0
3230,1
3231,0
3232,71
3233,7
3234,0
3235,0
3236,0
3237,2580
3238,0
3239,1
3240,0
3241,1
3242,2
3243,0
3244,1
3245,0
3246,3
3247,1
3248,399
3249,2
3250,62
3251,35
3252,122
3253,4
3254,30
3255,4
3256,12
3257,66
3258,0
3259,247
3260,69
3261,334
3262,283
3263,112
3264,386
3265,148
3266,11
3267,223
3268,41
3269,0
3270,3
3271,11
3272,59
3273,186
3274,300
3275,301
3276,304
3277,2570
3278,640
3279,430
3280,1506
3281,1469
3282,1531
3283,140
3284,148
3285,16
3286,205
3287,128
3288,208
3289,179
3290,107
3291,190
3292,0
3293,0
3294,0
3295,0
3296,0
3297,0
3298,1
3299,0
3300,3
3301,2
3302,363
3303,22
3304,569
3305,65
3306,44
3307,8
3308,0
3309,0
3310,0
3311,0
3312,0
3313,0
3314,0
3315,0
3316,0
3317,0
3318,2
3319,0
3320,1
3321,0
3322,26
3323,33
3324,0
3325,0
3326,0
3327,0
3328,0
3329,0
3330,0
3331,0
3332,0
3333,0
3334,0
3335,0
3336,0
3337,0
3338,0
3339,0
3340,0
3341,0
3342,0
3343,0
3344,0
3345,0
3346,0
3347,0
3348,0
3349,0
3350,0
3351,0
3352,0
3353,0
3354,0
3355,0
3356,0
3357,0
3358,0
3359,0
3360,0
3361,0
3362,0
3363,0
3364,0
3365,0
3366,1
3367,1
3368,0
3369,1
3370,1
3371,0
3372,147
3373,38
3374,27
3375,2784
3376,2
3377,1465
3378,607
3379,1291
3380,431
3381,1468
3382,344
3383,143
3384,262
3385,291
3386,80
3387,212
3388,319
3389,211
3390,321
3391,554
3392,953
3393,547
3394,954
3395,507
3396,1237
3397,501
3398,48
3399,54
3400,48
3401,55
3402,5
3403,1
3404,0
3405,1334
3406,7
3407,2
3408,9
3409,1882
3410,706
3411,0
3412,19
3413,93
3414,161
3415,49
3416,7
3417,34
3418,96
3419,14
3420,159
3421,29
3422,0
3423,452
3424,121
3425,2
3426,48
3427,23
3428,0
3429,143
3430,19
3431,8
3432,71
3433,15
3434,0
3435,153
3436,66
3437,40
3438,58
3439,6
3440,42
3441,62
3442,261
3443,1199
3444,22
3445,0
3446,5
3447,960
3448,12
3449,221
3450,636
3451,43
3452,168
3453,3
3454,25
3455,144
3456,42
3457,38
3458,59
3459,127
3460,16
3461,28
3462,62
3463,1359
3464,6
3465,16
3466,1
3467,53
3468,15
3469,2
3470,0
3471,3
3472,2
3473,4
3474,10
3475,57
3476,603
3477,5
3478,3
3479,619
3480,489
3481,273
3482,2
3483,3
3484,4
3485,1469
3486,1456
3487,646
3488,628
3489,756
3490,382
3491,588
3492,571
3493,300
3494,58
3495,58
3496,27
3497,9
3498,9
3499,6
3500,15
3501,15
3502,10
3503,22
3504,26
3505,10
3506,20
3507,7
3508,1
3509,590
3510,2445
3511,2832
3512,705
3513,89
3514,86
3515,5166
3516,3254
3517,15969
3518,38
3519,5
3520,19
3521,3
3522,7
3523,887
3524,4287
3525,896
3526,49
3527,3
3528,79
3529,1
3530,14
3531,549
3532,200
3533,0
3534,23
3535,241
3536,0
3537,0
3538,0
3539,0
3540,0
3541,0
3542,0
3543,0
3544,0
3545,0
3546,0
3547,0
3548,84
3549,96
3550,68
3551,78
3552,379
3553,150
3554,415
3555,183
3556,183
3557,216
3558,131
3559,131
3560,25
3561,476
3562,399
3563,510
3564,589
3565,581
3566,675
3567,526
3568,770
3569,486
3570,399
3571,477
3572,591
3573,500
3574,463
3575,446
3576,499
3577,462
3578,102
3579,325
3580,168
3581,554
3582,2103
3583,1121
3584,456
3585,843
3586,657
3587,455
3588,577
3589,885
3590,49
3591,339
3592,79
3593,752
3594,189
3595,0
3596,16
3597,102
3598,42
3599,0
3600,254
3601,64
3602,23
3603,137
3604,35
3605,0
3606,235
3607,74
3608,2
3609,562
3610,780
3611,844
3612,742
3613,779
3614,280
3615,38
3616,117
3617,0
3618,108
3619,3
3620,17
3621,0
3622,0
3623,0
3624,0
3625,0
3626,0
3627,0
3628,0
3629,0
3630,0
3631,0
3632,0
3633,0
3634,0
3635,0
3636,0
3637,0
3638,596
3639,3
3640,0
3641,0
3642,4
3643,477
3644,104
3645,572
3646,0
3647,48
3648,0
3649,306
3650,34
3651,1327
3652,1941
3653,708
3654,0
3655,3
3656,0
3657,0
3658,0
3659,0
3660,2817
3661,1751
3662,1714
3663,11
3664,14
3665,8
3666,3
3667,23
3668,16
3669,10
3670,43
3671,5
3672,7
3673,6
3674,122
3675,12
3676,27
3677,32
3678,408
3679,285
3680,254
3681,453
3682,7
3683,11
3684,8
3685,0
3686,0
3687,0
3688,0
3689,0
3690,0
3691,0
3692,0
3693,0
3694,0
3695,0
3696,0
3697,0
3698,6
3699,125
3700,7
3701,12
3702,674
3703,184
3704,1
3705,401
3706,3
3707,0
3708,0
3709,0
3710,0
3711,0
3712,0
3713,0
3714,34
3715,6
3716,23
3717,23
3718,148
3719,7
3720,4
3721,1
3722,7
3723,6
3724,6
3725,2907
3726,17
3727,628
3728,1058
3729,13
3730,360
3731,343
3732,52
3733,16
3734,3
3735,0
3736,0
3737,1
3738,36
3739,37
3740,29
3741,36
3742,51
3743,0
3744,2538
3745,9450
3746,241
3747,14
3748,228
3749,218
3750,1
3751,49
3752,45
3753,95
3754,35
3755,36
3756,80
3757,17
3758,230
3759,22
3760,21
3761,25
3762,0
3763,0
3764,0
3765,0
3766,0
3767,0
3768,0
3769,0
3770,0
3771,0
3772,0
3773,18
3774,0
3775,2
3776,2
3777,0
3778,7
3779,5
3780,4
3781,31
3782,24
3783,10
3784,27
3785,24
3786,7
3787,40
3788,40
3789,12
3790,0
3791,0
3792,13
3793,0
3794,898
3795,0
3796,182
3797,265
3798,547
3799,33
3800,352
3801,327
3802,186
3803,141
3804,112
3805,71
3806,173
3807,149
3808,78
3809,7
3810,8
3811,8
3812,0
3813,62
3814,65
3815,78
3816,0
3817,14
3818,0
3819,27
3820,1
3821,7
3822,4
3823,3
3824,1
3825,183
3826,25
3827,1
3828,4
3829,2
3830,160
3831,0
3832,0
3833,0
3834,0
3835,0
3836,0
3837,0
3838,0
3839,0
3840,0
3841,12
3842,253
3843,41
3844,48
3845,73
3846,136
3847,37
3848,44
3849,49
3850,81
3851,37
3852,51
3853,11
3854,11
3855,2
3856,161
3857,4
3858,3
3859,0
3860,43
3861,119
3862,3
3863,4
3864,1
3865,6
3866,6
3867,4
3868,1
3869,7
3870,3
3871,2
3872,0
3873,5
3874,19
3875,12
3876,8
3877,33
3878,55
3879,29
3880,4
3881,5
3882,3
3883,3
3884,0
3885,93
3886,1
3887,12
3888,0
3889,0
3890,13
3891,454
3892,0
3893,447
3894,0
3895,3
3896,3
3897,2
3898,1
3899,0
3900,0
3901,0
3902,2
3903,0
3904,1
3905,0
3906,1
3907,1
3908,0
3909,24
3910,14
3911,1
3912,17
3913,21
3914,1749
3915,1582
3916,878
3917,129
3918,128
3919,101
3920,129
3921,12
3922,6
3923,614
3924,906
3925,0
3926,2446
3927,1637
3928,0
3929,24
3930,203
3931,630
3932,13
3933,0
3934,3009
3935,5
3936,7
3937,5
3938,6
3939,916
3940,0
3941,0
3942,0
3943,0
3944,2
3945,1
3946,5
3947,5
3948,11
3949,13
3950,67
3951,124
3952,28
3953,152
3954,128
3955,16
3956,590
3957,1018
3958,250
3959,4203
3960,165
3961,2454
3962,86
3963,15
3964,9
3965,8
3966,10
3967,606
3968,358
3969,3
3970,410
3971,6
3972,52
3973,251
3974,3
3975,24
3976,92
3977,0
3978,57
3979,470
3980,2
3981,1
3982,381
3983,538
3984,56
3985,43
3986,123
3987,0
3988,325
3989,86
3990,105
3991,8
3992,34
3993,558
3994,52
3995,25
3996,17
3997,1935
3998,1089
3999,702
4000,10
4001,1
4002,0
4003,0
4004,0
4005,6
4006,965
4007,1196
4008,886
4009,1194
4010,26
4011,19
4012,19
4013,89
4014,1
4015,0
4016,2343
4017,47
4018,9
4019,3
4020,2
4021,6
4022,16
4023,24
4024,4
4025,2
4026,1
4027,4
4028,7
4029,12
4030,106
4031,77
4032,374
4033,0
4034,8
4035,0
4036,0
4037,41
4038,2238
4039,941
4040,2838
4041,13
4042,0
4043,0
4044,27
4045,11
4046,924
4047,0
4048,0
4049,351
4050,366
4051,222
4052,5
4053,2
4054,0
4055,309
4056,0
4057,249
4058,39
4059,20
4060,43
4061,15
4062,11
4063,4
4064,25
4065,0
4066,6
4067,27
4068,5
4069,125
4070,2
4071,38
4072,124
4073,2
4074,34
4075,0
4076,5
4077,17
4078,5
4079,124
4080,1
4081,22
4082,139
4083,3
4084,34
4085,0
4086,6
4087,37
4088,4
4089,146
4090,0
4091,15
4092,140
4093,2
4094,54
4095,0
4096,8
4097,25
4098,4
4099,178
4100,1
4101,26
4102,194
4103,1
4104,15
4105,0
4106,3
4107,20
4108,2
4109,91
4110,1
4111,35
4112,110
4113,2
4114,18
4115,0
4116,5
4117,14
4118,2
4119,88
4120,1
4121,17
4122,120
4123,3
4124,3
4125,5
4126,8
4127,11
4128,5
4129,2
4130,5
4131,3
4132,0
4133,0
4134,2
4135,0
4136,2
4137,126
4138,61
4139,51
4140,31
4141,69
4142,398
4143,62
4144,427
4145,113
4146,8
4147,56
4148,183
4149,28
4150,183
4151,258
4152,45
4153,261
4154,136
4155,8
4156,131
4157,11
4158,2
4159,10
4160,1
4161,0
4162,0
4163,5
4164,1
4165,5
4166,1
4167,1
4168,1
4169,2
4170,0
4171,3
4172,0
4173,0
4174,0
4175,91
4176,4
4177,57
4178,2
4179,1
4180,1
4181,1140
4182,1388
4183,54
4184,30
4185,0
4186,10
4187,3
4188,14
4189,1
4190,924
4191,0
4192,1
4193,0
4194,2
4195,0
4196,1
4197,3657
4198,10
4199,5
4200,32
4201,1387
4202,39
4203,508
4204,41
4205,1120
4206,3325
4207,630
4208,89
4209,305
4210,847
4211,157
4212,11
4213,348
4214,716
4215,739
4216,649
4217,714
4218,154
4219,32
4220,0
4221,0
4222,33
4223,1
4224,6
4225,0
4226,406
4227,771
4228,786
4229,638
4230,755
4231,163
4232,32
4233,0
4234,0
4235,34
4236,0
4237,7
4238,0
4239,22
4240,1141
4241,1
4242,349
4243,20
4244,475
4245,898
4246,7
4247,752
4248,47
4249,2
4250,6
4251,3
4252,509
4253,9
4254,365
4255,111
4256,98
4257,319
4258,62
4259,6
4260,148
4261,53
4262,259
4263,147
4264,2
4265,8
4266,13
4267,1519
4268,1912
4269,2307
4270,2609
4271,119
4272,271
4273,4385
4274,61
4275,86
4276,281
4277,137
4278,4090
4279,288
4280,93
4281,656
4282,41
4283,49
4284,1176
4285,15
4286,4
4287,0
4288,64
4289,2
4290,29
4291,6684
4292,5254
4293,14
4294,16
4295,6
4296,9
4297,11
4298,16
4299,9
4300,3
4301,12
4302,11
4303,4
4304,7
4305,8
4306,14
4307,5
4308,0
4309,0
4310,0
4311,0
4312,0
4313,0
4314,0
4315,0
4316,0
4317,89
4318,18
4319,11
4320,3
4321,48
4322,111
4323,11
4324,7
4325,5226
4326,413
4327,97
4328,38
4329,10
4330,60
4331,2
4332,3
4333,17
4334,0
4335,205
4336,3
4337,101
4338,8
4339,4
4340,129
4341,92
4342,55
4343,182
4344,61
4345,0
4346,43
4347,0
4348,0
4349,0
4350,0
4351,0
4352,0
4353,0
4354,2
4355,0
4356,0
4357,0
4358,0
4359,0
4360,0
4361,0
4362,58
4363,14
4364,3
4365,43
4366,1
4367,0
4368,4
4369,0
4370,105
4371,1
4372,42
4373,4
4374,0
4375,67
4376,26
4377,21
4378,71
4379,33
4380,0
4381,18
4382,0
4383,0
4384,0
4385,0
4386,0
4387,0
4388,0
4389,0
4390,0
4391,0
4392,0
4393,0
4394,0
4395,0
4396,0
4397,7
4398,0
4399,2522
4400,2981
4401,1748
4402,508
4403,97
4404,3588
4405,2241
4406,320
4407,209
4408,13
4409,2
4410,1
4411,2
4412,13
4413,5
4414,5
4415,4
4416,1
4417,8
4418,1
4419,7
4420,2
4421,6
4422,1
4423,8
4424,1
4425,2
4426,0
4427,7
4428,0
4429,3
4430,0
4431,0
4432,0
4433,3
4434,1
4435,2
4436,5
4437,0
4438,246
4439,306
4440,364
4441,259
4442,122
4443,296
4444,432
4445,417
4446,434
4447,313
4448,220
4449,258
4450,226
4451,175
4452,235
4453,75
4454,94
4455,89
4456,1977
4457,332
4458,3550
4459,27
4460,542
4461,1209
4462,8
4463,48
4464,53
4465,62
4466,432
4467,133
4468,142
4469,308
4470,26
4471,425
4472,60
4473,89
4474,34
4475,51
4476,66
4477,9
4478,79
4479,30
4480,8
4481,0
4482,6
4483,2
4484,12
4485,2
4486,1
4487,541
4488,269
4489,313
4490,3234
4491,1310
4492,70
4493,0
4494,14
4495,201
4496,900
4497,75
4498,73
4499,10
4500,29
4501,0
4502,1
4503,81
4504,0
4505,0
4506,0
4507,0
4508,0
4509,0
4510,0
4511,1
4512,1
4513,1
4514,0
4515,0
4516,0
4517,0
4518,0
4519,135
4520,14
4521,1
4522,1
4523,3
4524,3
4525,1
4526,0
4527,1
4528,1
4529,1
4530,1
4531,2
4532,0
4533,2
4534,1
4535,1
4536,1
4537,0
4538,0
4539,0
4540,0
4541,0
4542,0
4543,0
4544,1188
4545,19
4546,455
4547,439
4548,653
4549,944
4550,8
4551,13
4552,56
4553,5
4554,28
4555,219
4556,201
4557,2498
4558,13
4559,14
4560,44
4561,26
4562,0
4563,207
4564,188
4565,14
4566,161
4567,83
4568,21
4569,31
4570,0
4571,0
4572,10
4573,77
4574,0
4575,55
4576,288
4577,437
4578,199
4579,470
4580,227
4581,36
4582,66
4583,0
4584,0
4585,11
4586,129
4587,5
4588,276
4589,25
4590,2
4591,4
4592,0
4593,1
4594,17
4595,2
4596,13
4597,1
4598,1
4599,0
4600,0
4601,5
4602,1
4603,17
4604,3
4605,5
4606,0
4607,1
4608,8
4609,0
4610,9
4611,2
4612,1
4613,0
4614,1
4615,4
4616,0
4617,3
4618,6
4619,0
4620,1
4621,0
4622,0
4623,0
4624,1
4625,1
4626,1
4627,5
4628,15
4629,0
4630,1
4631,0
4632,0
4633,0
4634,2
4635,7
4636,1
4637,0
4638,1
4639,0
4640,0
4641,0
4642,0
4643,0
4644,0
4645,0
4646,0
4647,2
4648,3
4649,0
4650,0
4651,2
4652,1
4653,0
4654,0
4655,1
4656,158
4657,1279
4658,62
4659,223
4660,1056
4661,0
4662,156
4663,27
4664,927
4665,79
4666,1
4667,1095
4668,6
4669,0
4670,0
4671,4424
4672,33
4673,0
4674,9
4675,4897
4676,176
4677,16
4678,1457
4679,1512
4680,162
4681,337
4682,147
4683,508
4684,175
4685,103
4686,101
4687,1
4688,0
4689,0
4690,0
4691,0
4692,257
4693,158
4694,5
4695,19
4696,9
4697,0
4698,3
4699,6
4700,10
4701,51
4702,10
4703,46
4704,48
4705,11
4706,6
4707,0
4708,2
4709,8
4710,17
4711,18
4712,2
4713,1
4714,4
4715,15
4716,100
4717,0
4718,1
4719,4
4720,0
4721,2
4722,4
4723,2
4724,220
4725,17
4726,1323
4727,706
4728,99
4729,7
4730,5
4731,18
4732,0
4733,0
4734,1
4735,0
4736,0
4737,0
4738,0
4739,1309
4740,203
4741,843
4742,1872
4743,3300
4744,59
4745,0
4746,20
4747,0
4748,121
4749,166
4750,231
4751,307
4752,1
4753,1
4754,0
4755,8
4756,138
4757,216
4758,8
4759,20
4760,10
4761,0
4762,15
4763,101
4764,49
4765,2
4766,4739
4767,14
4768,1769
4769,2081
4770,18
4771,22
4772,107
4773,394
4774,1143
4775,26
4776,80
4777,182
4778,60
4779,49
4780,27
4781,63
4782,58
4783,47
4784,614
4785,855
4786,67
4787,22
4788,49
4789,0
4790,124
4791,38
4792,12
4793,15
4794,7247
4795,1059
4796,91
4797,305
4798,23
4799,1
4800,0
4801,14
4802,1409
4803,908
4804,47
4805,0
4806,4
4807,18
4808,0
4809,0
4810,0
4811,0
4812,0
4813,0
4814,0
4815,0
4816,0
4817,0
4818,0
4819,0
4820,0
4821,0
4822,0
4823,0
4824,0
4825,0
4826,0
4827,0
4828,0
4829,0
4830,0
4831,0
4832,0
4833,0
4834,0
4835,0
4836,0
4837,0
4838,0
4839,0
4840,0
4841,0
4842,0
4843,4363
4844,74
4845,302
4846,234
4847,35
4848,15
4849,59
4850,7
4851,121
4852,5
4853,552
4854,67
4855,173
4856,271
4857,0
4858,3
4859,9
4860,0
4861,10
4862,2
4863,20
4864,187
4865,4
4866,185
4867,992
4868,554
4869,5
4870,23
4871,11
4872,1543
4873,1691
4874,11
4875,48
4876,9
4877,29
4878,5
4879,3
4880,379
4881,2
4882,1
4883,9
4884,5
4885,0
4886,2
4887,6
4888,1
4889,0
4890,2
4891,11
4892,2
4893,0
4894,25
4895,50
4896,11
4897,64
4898,5
4899,6
4900,1
4901,357
4902,93
4903,1
4904,6
4905,468
4906,4
4907,27
4908,0
4909,0
4910,1990
4911,89
4912,32
4913,17
4914,25
4915,24
4916,39
4917,35
4918,35
4919,1507
4920,81
4921,538
4922,272
4923,276
4924,144
4925,457
4926,452
4927,200
4928,159
4929,74
4930,201
4931,51
4932,5
4933,0
4934,143
4935,19
4936,26
4937,53
4938,80
4939,38
4940,28
4941,19
4942,38
4943,2
4944,4
4945,1
4946,123
4947,43
4948,41
4949,0
4950,4
4951,2
4952,2
4953,4
4954,2
4955,0
4956,0
4957,1
4958,0
4959,1
4960,3
4961,4
4962,2
4963,130
4964,3
4965,0
4966,6
4967,9
4968,7
4969,14
4970,0
4971,0
4972,0
4973,2
4974,3
4975,14
4976,511
4977,1
4978,0
4979,4
4980,0
4981,1
4982,2
4983,11
4984,2
4985,62
4986,6
4987,12
4988,43
4989,1
4990,0
4991,0
4992,1
4993,0
4994,0
4995,0
4996,68
4997,36
4998,953
4999,536
5000,665
5001,308
5002,95
5003,1089
5004,1007
5005,0
5006,2
5007,5
5008,1
5009,144
5010,31
5011,109
5012,113
5013,91
5014,13
5015,5
5016,9
5017,12
5018,15
5019,55
5020,48
5021,14
5022,1549
5023,17
5024,129
5025,47
5026,1090
5027,7
5028,103
5029,1179
5030,516
5031,1027
5032,11
5033,7
5034,835
5035,12
5036,2
5037,1015
5038,4
5039,1
5040,0
5041,1
5042,4
5043,0
5044,0
5045,73
5046,2
5047,0
5048,112
5049,14
5050,1446
5051,2510
5052,1477
5053,998
5054,5
5055,7
5056,4
5057,11
5058,4
5059,5
5060,4
5061,3
5062,11
5063,10
5064,23
5065,22
5066,15
5067,1443
5068,8
5069,1
5070,82
5071,1277
5072,1090
5073,203
5074,112
5075,160
5076,87
5077,16
5078,23
5079,34
5080,39
5081,13
5082,0
5083,10
5084,2
5085,12
5086,14
5087,0
5088,9
5089,2
5090,9
5091,1
5092,3
5093,75
5094,43
5095,87
5096,288
5097,263
5098,14
5099,0
5100,0
5101,0
5102,1
5103,2
5104,65
5105,9
5106,3
5107,5
5108,2
5109,115
5110,5
5111,1
5112,7
5113,3
5114,8
5115,18
5116,127
5117,10
5118,50
5119,9
5120,10
5121,165
5122,25
5123,6
5124,9
5125,2
5126,342
5127,24
5128,6
5129,30
5130,6
5131,8
5132,33
5133,363
5134,35
5135,133
5136,10
5137,10
5138,271
5139,51
5140,8
5141,11
5142,3
5143,662
5144,39
5145,5
5146,51
5147,5
5148,11
5149,35
5150,663
5151,64
5152,222
5153,3
5154,6
5155,99
5156,12
5157,4
5158,6
5159,2
5160,238
5161,15
5162,1
5163,19
5164,3
5165,5
5166,18
5167,253
5168,15
5169,81
5170,12
5171,8
5172,130
5173,38
5174,7
5175,10
5176,2
5177,293
5178,35
5179,2
5180,36
5181,4
5182,8
5183,23
5184,307
5185,45
5186,111
5187,0
5188,0
5189,0
5190,15
5191,8
5192,1
5193,0
5194,1
5195,1
5196,0
5197,1
5198,0
5199,0
5200,0
5201,335
5202,574
5203,30
5204,5
5205,81
5206,199
5207,566
5208,767
5209,665
5210,2
5211,2
5212,87
5213,22
5214,5
5215,3
5216,1
5217,151
5218,10
5219,2
5220,14
5221,3
5222,6
5223,30
5224,193
5225,29
5226,131
5227,5
5228,11
5229,284
5230,77
5231,12
5232,13
5233,2
5234,468
5235,26
5236,1
5237,39
5238,5
5239,10
5240,63
5241,545
5242,97
5243,343
5244,5
5245,8
5246,370
5247,99
5248,11
5249,14
5250,2
5251,664
5252,39
5253,4
5254,47
5255,5
5256,9
5257,50
5258,732
5259,125
5260,410
5261,9
5262,9
5263,232
5264,77
5265,9
5266,11
5267,3
5268,393
5269,47
5270,3
5271,54
5272,7
5273,10
5274,57
5275,475
5276,103
5277,298
5278,85
5279,186
5280,46
5281,15
5282,114
5283,26
5284,8
5285,144
5286,31
5287,12
5288,62
5289,25
5290,10
5291,46
5292,15
5293,6
5294,95
5295,25
5296,8
5297,157
5298,40
5299,14
5300,71
5301,4305
5302,1128
5303,24
5304,22
5305,359
5306,466
5307,263
5308,464
5309,277
5310,370
5311,38
5312,18
5313,12
5314,20
5315,15
5316,6
5317,2
5318,5
5319,6
5320,14
5321,10
5322,8
5323,6
5324,0
5325,82
5326,2
5327,1
5328,71
5329,5
5330,0
5331,2
5332,0
5333,6
5334,409
5335,1
5336,56
5337,2157
5338,21
5339,3
5340,166
5341,808
5342,65
5343,112
5344,38
5345,1
5346,23
5347,0
5348,251
5349,94
5350,430
5351,98
5352,118
5353,106
5354,233
5355,262
5356,212
5357,356
5358,374
5359,328
5360,58
5361,82
5362,68
5363,135
5364,180
5365,120
5366,210
5367,253
5368,190
5369,39
5370,42
5371,24
5372,109
5373,130
5374,61
5375,146
5376,170
5377,82
5378,66
5379,73
5380,53
5381,159
5382,183
5383,110
5384,236
5385,254
5386,176
5387,204
5388,144
5389,282
5390,3
5391,0
5392,715
5393,11
5394,285
5395,862
5396,145
5397,254
5398,538
5399,492
5400,399
5401,79
5402,48
5403,51
5404,38
5405,4
5406,37
5407,21
5408,7
5409,15
5410,5
5411,1
5412,8
5413,25
5414,17
5415,13
5416,17
5417,407
5418,0
5419,11
5420,0
5421,0
5422,0
5423,0
5424,0
5425,0
5426,0
5427,3
5428,1
5429,1
5430,1
5431,1
5432,1
5433,1
5434,4
5435,35
5436,31
5437,60
5438,43
5439,346
5440,0
5441,0
5442,0
5443,0
5444,0
5445,0
5446,0
5447,0
5448,0
5449,0
5450,0
5451,0
5452,0
5453,1
5454,1
5455,1
5456,1
5457,1
5458,1
5459,4
5460,9
5461,11
5462,10
5463,12
5464,9
5465,12
5466,11
5467,11
5468,11
5469,10
5470,0
5471,0
5472,0
5473,0
5474,0
5475,0
5476,0
5477,0
5478,0
5479,0
5480,0
5481,0
5482,0
5483,0
5484,0
5485,0
5486,0
5487,0
5488,0
5489,0
5490,0
5491,0
5492,0
5493,0
5494,1
5495,0
5496,1
5497,0
5498,1
5499,1
5500,1
5501,1
5502,1
5503,0
5504,0
5505,0
5506,0
5507,0
5508,0
5509,0
5510,0
5511,0
5512,0
5513,0
5514,0
5515,1
5516,1
5517,1
5518,1
5519,1
5520,1
5521,1
5522,1
5523,1
5524,1
5525,535
5526,622
5527,668
5528,742
5529,27
5530,91
5531,87
5532,12
5533,429
5534,398
5535,0
5536,0
5537,0
5538,0
5539,0
5540,0
5541,324
5542,290
5543,6
5544,154
5545,71
5546,0
5547,0
5548,1
5549,0
5550,0
5551,0
5552,0
5553,0
5554,0
5555,0
5556,0
5557,0
5558,4
5559,0
5560,0
5561,0
5562,0
5563,4
5564,0
5565,2
5566,0
5567,0
5568,0
5569,0
5570,2
5571,0
5572,0
5573,0
5574,0
5575,0
5576,1
5577,23
5578,29
5579,29
5580,17
5581,5
5582,12
5583,2
5584,15
5585,24
5586,25
5587,0
5588,0
5589,0
5590,8
5591,1
5592,5
5593,0
5594,0
5595,1
5596,3
5597,68
5598,182
5599,1
5600,2945
5601,2095
5602,0
5603,0
5604,0
5605,0
5606,0
5607,1
5608,0
5609,0
5610,0
5611,0
5612,0
5613,0
5614,1
5615,8
5616,9
5617,7
5618,3488
5619,0
5620,2
5621,1
5622,1
5623,1
5624,1
5625,0
5626,0
5627,28
5628,40
5629,0
5630,0
5631,0
5632,0
5633,0
5634,0
5635,0
5636,2
5637,1
5638,0
5639,0
5640,0
5641,0
5642,287
5643,1332
5644,0
5645,0
5646,0
5647,2
5648,50
5649,0
5650,0
5651,17
5652,1
5653,0
5654,0
5655,0
5656,1
5657,0
5658,108
5659,174
5660,172
5661,280
5662,128
5663,301
5664,118
5665,0
5666,131
5667,228
5668,211
5669,329
5670,156
5671,383
5672,151
5673,0
5674,128
5675,337
5676,122
5677,431
5678,161
5679,18
5680,9
5681,29
5682,103
5683,45
5684,43
5685,3047
5686,155
5687,184
5688,11
5689,11
5690,5
5691,0
5692,0
5693,0
5694,0
5695,34
5696,0
5697,1
5698,1
5699,9
5700,2
5701,0
5702,1
5703,0
5704,3
5705,0
5706,0
5707,0
5708,2
5709,0
5710,0
5711,1
5712,0
5713,2
5714,0
5715,1
5716,0
5717,1
5718,0
5719,0
5720,1
5721,0
5722,1
5723,0
5724,0
5725,0
5726,1
5727,0
5728,0
5729,1
5730,0
5731,1
5732,0
5733,0
5734,0
5735,0
5736,0
5737,0
5738,0
5739,0
5740,0
5741,0
5742,1
5743,0
5744,1
5745,0
5746,0
5747,0
5748,0
5749,0
5750,1
5751,0
5752,0
5753,0
5754,1
5755,0
5756,1
5757,0
5758,2
5759,0
5760,0
5761,0
5762,0
5763,0
5764,0
5765,1
5766,0
5767,1
5768,1
5769,0
5770,19
5771,71
5772,16
5773,2
5774,4
5775,0
5776,1
5777,0
5778,0
5779,6
5780,39
5781,8
5782,1
5783,2
5784,0
5785,0
5786,0
5787,0
5788,12
5789,10
5790,4
5791,1
5792,3
5793,0
5794,0
5795,1
5796,0
5797,5
5798,29
5799,6
5800,0
5801,2
5802,0
5803,0
5804,0
5805,0
5806,2
5807,2
5808,1
5809,1
5810,2
5811,0
5812,0
5813,1
5814,0
5815,11
5816,8
5817,2
5818,0
5819,2
5820,0
5821,0
5822,1
5823,0
5824,1
5825,30
5826,6
5827,0
5828,1
5829,0
5830,1
5831,0
5832,0
5833,2
5834,0
5835,0
5836,0
5837,0
5838,0
5839,0
5840,0
5841,0
5842,0
5843,0
5844,0
5845,0
5846,0
5847,0
5848,0
5849,0
5850,0
5851,0
5852,0
5853,0
5854,0
5855,0
5856,0
5857,0
5858,0
5859,0
5860,0
5861,0
5862,0
5863,0
5864,0
5865,0
5866,0
5867,0
5868,0
5869,0
5870,0
5871,0
5872,0
5873,0
5874,0
5875,0
5876,0
5877,0
5878,0
5879,0
5880,0
5881,0
5882,0
5883,0
5884,0
5885,0
5886,0
5887,0
5888,0
5889,0
5890,0
5891,0
5892,0
5893,0
5894,0
5895,0
5896,0
5897,0
5898,0
5899,0
5900,0
5901,0
5902,0
5903,0
5904,0
5905,0
5906,0
5907,0
5908,0
5909,0
5910,0
5911,0
5912,0
5913,0
5914,2
5915,5
5916,0
5917,0
5918,0
5919,0
5920,0
5921,0
5922,0
5923,0
5924,0
5925,0
5926,0
5927,0
5928,0
5929,0
5930,0
5931,0
5932,1
5933,0
5934,0
5935,0
5936,0
5937,0
5938,0
5939,0
5940,0
5941,0
5942,0
5943,0
5944,0
5945,0
5946,0
5947,0
5948,0
5949,0
5950,0
5951,0
5952,0
5953,0
5954,0
5955,0
5956,0
5957,0
5958,0
5959,0
5960,0
5961,0
5962,0
5963,0
5964,0
5965,0
5966,1
5967,0
5968,0
5969,0
5970,1
5971,0
5972,1
5973,0
5974,1
5975,0
5976,0
5977,0
5978,0
5979,0
5980,0
5981,0
5982,0
5983,0
5984,0
5985,0
5986,1
5987,6
5988,0
5989,0
5990,0
5991,0
5992,0
5993,0
5994,0
5995,0
5996,0
5997,0
5998,0
5999,0
6000,0
6001,0
6002,0
6003,0
6004,0
6005,1
6006,0
6007,0
6008,0
6009,0
6010,0
6011,0
6012,0
6013,0
6014,0
6015,0
6016,0
6017,0
6018,0
6019,0
6020,0
6021,0
6022,0
6023,0
6024,0
6025,0
6026,0
6027,0
6028,0
6029,0
6030,0
6031,0
6032,1
6033,0
6034,0
6035,0
6036,0
6037,0
6038,1
6039,0
6040,0
6041,0
6042,1
6043,0
6044,1
6045,0
6046,1
6047,0
6048,0
6049,0
6050,0
6051,0
6052,0
6053,0
6054,0
6055,0
6056,169
6057,54
6058,84
6059,33
6060,28
6061,54
6062,2
6063,2
6064,0
6065,0
6066,0
6067,1
6068,0
6069,0
6070,19
6071,4
6072,1
6073,3
6074,2
6075,1
6076,0
6077,26
6078,5
6079,7
6080,7
6081,3
6082,7
6083,0
6084,40
6085,2
6086,7
6087,6
6088,3
6089,6
6090,1
6091,88
6092,180
6093,24
6094,4
6095,0
6096,0
6097,0
6098,0
6099,1573
6100,1
6101,7
6102,6
6103,3
6104,0
6105,1320
6106,172
6107,326
6108,431
6109,454
6110,19
6111,13
6112,138
6113,3
6114,2
6115,5
6116,4
6117,152
6118,87
6119,67
6120,1
6121,325
6122,687
6123,69
6124,1223
6125,39
6126,6
6127,438
6128,419
6129,347
6130,294
6131,320
6132,195
6133,360
6134,13
6135,2
6136,25
6137,10
6138,3
6139,0
6140,51
6141,58
6142,14
6143,24
6144,18
6145,6
6146,4
6147,25
6148,1
6149,0
6150,50
6151,48
6152,79
6153,587
6154,41
6155,11
6156,535
6157,190
6158,36
6159,9
6160,0
6161,233
6162,317
6163,179
6164,292
6165,49
6166,18
6167,53
6168,16
6169,2
6170,1
6171,0
6172,13
6173,14
6174,16
6175,55
6176,6
6177,0
6178,14
6179,5
6180,1
6181,1
6182,0
6183,9
6184,8
6185,8
6186,18
6187,1
6188,0
6189,8
6190,9
6191,2
6192,1
6193,0
6194,9
6195,6
6196,6
6197,23
6198,3
6199,0
6200,6
6201,7
6202,1
6203,1
6204,0
6205,6
6206,8
6207,6
6208,16
6209,2
6210,0
6211,6
6212,224
6213,45
6214,8
6215,0
6216,220
6217,384
6218,237
6219,354
6220,59
6221,16
6222,65
6223,15
6224,3
6225,0
6226,0
6227,11
6228,6
6229,4
6230,22
6231,2
6232,1
6233,3
6234,47
6235,13
6236,6
6237,2
6238,25
6239,11
6240,3
6241,0
6242,38
6243,43
6244,5
6245,16
6246,13
6247,5
6248,2
6249,24
6250,1
6251,0
6252,37
6253,36
6254,57
6255,482
6256,38
6257,11
6258,498
6259,141
6260,39
6261,7
6262,0
6263,160
6264,188
6265,104
6266,190
6267,26
6268,18
6269,38
6270,13
6271,3
6272,1
6273,0
6274,9
6275,11
6276,12
6277,34
6278,8
6279,1
6280,9
6281,3
6282,1
6283,1
6284,0
6285,7
6286,7
6287,6
6288,10
6289,1
6290,0
6291,4
6292,8
6293,1
6294,1
6295,0
6296,5
6297,5
6298,6
6299,13
6300,2
6301,0
6302,7
6303,6
6304,1
6305,1
6306,0
6307,5
6308,8
6309,6
6310,12
6311,1
6312,0
6313,4
6314,161
6315,44
6316,5
6317,0
6318,158
6319,233
6320,143
6321,208
6322,39
6323,16
6324,36
6325,8
6326,3
6327,0
6328,0
6329,3
6330,4
6331,2
6332,11
6333,2
6334,1
6335,1
6336,27
6337,11
6338,4
6339,2
6340,1
6341,6
6342,1913
6343,893
6344,1100
6345,6
6346,2
6347,0
6348,1
6349,2
6350,0
6351,0
6352,0
6353,0
6354,0
6355,0
6356,2
6357,0
6358,81
6359,568
6360,0
6361,908
6362,24
6363,768
6364,45
6365,283
6366,5
6367,23
6368,0
6369,28
6370,14
6371,231
6372,4
6373,127
6374,56
6375,131
6376,24
6377,17
6378,78
6379,52
6380,84
6381,4
6382,10
6383,12
6384,12
6385,821
6386,8
6387,1
6388,4
6389,129
6390,105
6391,83
6392,0
6393,7
6394,1
6395,179
6396,182
6397,84
6398,12
6399,96
6400,0
6401,0
6402,0
6403,1
6404,1
6405,0
6406,0
6407,0
6408,0
6409,0
6410,0
6411,1
6412,0
6413,0
6414,0
6415,0
6416,0
6417,0
6418,0
6419,0
6420,1
6421,0
6422,0
6423,0
6424,0
6425,0
6426,0
6427,0
6428,0
6429,0
6430,0
6431,0
6432,11
6433,16
6434,3
6435,15
6436,8
6437,7
6438,0
6439,0
6440,1
6441,4
6442,0
6443,110
6444,10
6445,410
6446,19
6447,88
6448,133
6449,143
6450,182
6451,1241
6452,583
6453,624
6454,1808
6455,170
6456,0
6457,1140
6458,1205
6459,1
6460,836
6461,434
6462,450
6463,14
6464,174
6465,36
6466,22
6467,4
6468,1
6469,1
6470,3
6471,294
6472,856
6473,15
6474,238
6475,84
6476,682
6477,835
6478,573
6479,401
6480,463
6481,282
6482,318
6483,1571
6484,423
6485,602
6486,44
6487,21
6488,61
6489,172
6490,31
6491,0
6492,10
6493,10
6494,19
6495,12
6496,305
6497,0
6498,1042
6499,252
6500,65
6501,0
6502,143
6503,552
6504,136
6505,106
6506,0
6507,465
6508,1319
6509,329
6510,410
6511,220
6512,0
6513,131
6514,444
6515,0
6516,1
6517,0
6518,50
6519,2
6520,265
6521,0
6522,0
6523,2
6524,2
6525,0
6526,0
6527,0
6528,0
6529,0
6530,0
6531,0
6532,0
6533,0
6534,0
6535,111
6536,136
6537,1
6538,316
6539,72
6540,99
6541,1522
6542,2659
6543,1889
6544,2816
6545,3
6546,186
6547,64
6548,7
6549,24
6550,0
6551,115
6552,52
6553,45
6554,21
6555,46
6556,72
6557,134
6558,17
6559,217
6560,0
6561,380
6562,0
6563,483
6564,237
6565,519
6566,574
6567,235
6568,521
6569,48
6570,47
6571,85
6572,82
6573,0
6574,0
6575,0
6576,8
6577,29
6578,4
6579,6
6580,15
6581,0
6582,2
6583,0
6584,4
6585,6
6586,1
6587,76
6588,0
6589,0
6590,1
6591,0
6592,0
6593,0
6594,0
6595,0
6596,0
6597,0
6598,0
6599,0
6600,1091
6601,18
6602,37
6603,44
6604,370
6605,40
6606,230
6607,246
6608,242
6609,20
6610,11
6611,169
6612,125
6613,481
6614,507
6615,569
6616,217
6617,78
6618,1
6619,1
6620,41
6621,586
6622,629
6623,0
6624,0
6625,1
6626,1
6627,1
6628,1
6629,152
6630,49
6631,295
6632,34
6633,600
6634,58
6635,200
6636,29
6637,197
6638,66
6639,41
6640,0
6641,20
6642,205
6643,0
6644,34
6645,1
6646,0
6647,260
6648,224
6649,62
6650,46
6651,66
6652,60
6653,0
6654,0
6655,0
6656,0
6657,0
6658,0
6659,0
6660,202
6661,93
6662,691
6663,274
6664,82
6665,195
6666,10
6667,0
6668,0
6669,1
6670,1
6671,1
6672,2
6673,0
6674,0
6675,0
6676,0
6677,775
6678,0
6679,1
6680,0
6681,0
6682,0
6683,0
6684,0
6685,0
6686,0
6687,0
6688,0
6689,0
6690,0
6691,0
6692,0
6693,0
6694,0
6695,0
6696,0
6697,0
6698,0
6699,0
6700,0
6701,0
6702,0
6703,9
6704,2
6705,0
6706,4
6707,0
6708,36
6709,12
6710,0
6711,1
6712,1
6713,3
6714,0
6715,0
6716,0
6717,1
6718,0
6719,0
6720,0
6721,0
6722,0
6723,1
6724,1
6725,0
6726,0
6727,1
6728,2
6729,2
6730,2
6731,2
6732,1
6733,1
6734,0
6735,0
6736,1
6737,2
6738,2
6739,2
6740,2
6741,347
6742,3
6743,2297
6744,368
6745,34
6746,61
6747,40
6748,34
6749,78
6750,84
6751,17
6752,494
6753,215
6754,70
6755,8
6756,16
6757,85
6758,4
6759,54
6760,39
6761,2
6762,39
6763,2
6764,0
6765,0
6766,643
6767,235
6768,639
6769,246
6770,381
6771,44
6772,19
6773,8
6774,205
6775,348
6776,2
6777,2
6778,47
6779,8
6780,13
6781,0
6782,0
6783,0
6784,0
6785,95
6786,104
6787,296
6788,390
6789,3
6790,5
6791,732
6792,53
6793,60
6794,0
6795,0
6796,0
6797,0
6798,0
6799,0
6800,1
6801,0
6802,0
6803,19
6804,2
6805,1
6806,1
6807,0
6808,0
6809,0
6810,1
6811,1
6812,1
6813,320
6814,35
6815,165
6816,681
6817,17
6818,86
6819,1749
6820,802
6821,1001
6822,600
6823,54
6824,442
6825,2519
6826,460
6827,0
6828,0
6829,0
6830,0
6831,0
6832,1
6833,4
6834,1
6835,0
6836,0
6837,1
6838,0
6839,0
6840,1
6841,0
6842,0
6843,2
6844,5
6845,1
6846,3
6847,2
6848,3
6849,2
6850,3
6851,63
6852,84
6853,35
6854,54
6855,11
6856,25
6857,16
6858,3
6859,5
6860,217
6861,19
6862,18
6863,0
6864,0
6865,0
6866,3
6867,851
6868,1
6869,127
6870,91
6871,0
6872,85
6873,3
6874,45
6875,32
6876,17
6877,53
6878,291
6879,10
6880,71
6881,117
6882,37
6883,2
6884,304
6885,19
6886,41
6887,0
6888,0
6889,493
6890,5
6891,0
6892,0
6893,0
6894,2
6895,1
6896,2
6897,0
6898,8
6899,0
6900,0
6901,0
6902,0
6903,2
6904,0
6905,0
6906,1
6907,0
6908,2
6909,0
6910,0
6911,0
6912,0
6913,0
6914,0
6915,0
6916,0
6917,0
6918,0
6919,0
6920,0
6921,0
6922,0
6923,0
6924,0
6925,0
6926,0
6927,51
6928,752
6929,25
6930,75
6931,467
6932,0
6933,0
6934,6
6935,0
6936,0
6937,0
6938,0
6939,0
6940,0
6941,0
6942,0
6943,15
6944,0
6945,0
6946,0
6947,7
6948,822
6949,79
6950,58
6951,23
6952,15
6953,15
6954,13
6955,0
6956,1
6957,29
6958,32
6959,14
6960,0
6961,5
6962,3
6963,1
6964,0
6965,0
6966,1
6967,17
6968,14
6969,0
6970,2
6971,6
6972,745
6973,5
6974,96
6975,107
6976,19
6977,1
6978,0
6979,0
6980,2
6981,0
6982,0
6983,0
6984,0
6985,1
6986,1
6987,1
6988,740
6989,683
6990,38
6991,0
6992,18
6993,0
6994,26
6995,1
6996,13
6997,22
6998,12
6999,2
7000,0
7001,5
7002,6
7003,23
7004,16
7005,5
7006,12
7007,11
7008,19
7009,13
7010,343
7011,61
7012,5
7013,8
7014,7
7015,994
7016,991
7017,4
7018,27
7019,1009
7020,12
7021,25
7022,1
7023,0
7024,0
7025,35
7026,11
7027,0
7028,2
7029,55
7030,0
7031,0
7032,322
7033,54
7034,33
7035,1
7036,7
7037,13
7038,0
7039,4
7040,99
7041,3
7042,9
7043,61
7044,56
7045,28
7046,2
7047,140
7048,1
7049,0
7050,1
7051,24
7052,210
7053,0
7054,897
7055,0
7056,0
7057,0
7058,318
7059,3
7060,2
7061,1
7062,0
7063,0
7064,6
7065,0
7066,1
7067,1
7068,1
7069,21
7070,0
7071,0
7072,2
7073,0
7074,5
7075,0
7076,0
7077,3
7078,11
7079,0
7080,20
7081,9
7082,13
7083,0
7084,0
7085,0
7086,0
7087,0
7088,0
7089,0
7090,682
7091,370
7092,0
7093,0
7094,0
7095,0
7096,0
7097,342
7098,12
7099,4
7100,4
7101,3
7102,3
7103,3
7104,10
7105,6
7106,14
7107,6
7108,8
7109,2
7110,9
7111,6
7112,4
7113,6
7114,123
7115,0
7116,0
7117,1
7118,0
7119,1
7120,0
7121,0
7122,7
7123,685
7124,0
7125,145
7126,379
7127,217
7128,167
7129,59
7130,456
7131,434
7132,1285
7133,409
7134,114
7135,0
7136,102
7137,46
7138,239
7139,0
7140,8
7141,241
7142,86
7143,17
7144,6
7145,10
7146,0
7147,0
7148,0
7149,0
7150,0
7151,0
7152,25
7153,399
7154,22
7155,14
7156,25
7157,31
7158,14
7159,21
7160,11
7161,21
7162,46
7163,18
7164,13
7165,18
7166,21
7167,12
7168,19
7169,10
7170,16
7171,28
7172,0
7173,9
7174,20
7175,16
7176,0
7177,143
7178,92
7179,8
7180,0
7181,24
7182,0
7183,2
7184,37
7185,0
7186,3
7187,1
7188,2
7189,0
7190,0
7191,0
7192,2
7193,1
7194,0
7195,0
7196,0
7197,0
7198,0
7199,0
7200,144
7201,140
7202,4
7203,0
7204,0
7205,0
7206,0
7207,0
7208,1
7209,1
7210,0
7211,0
7212,0
7213,3
7214,0
7215,1
7216,2
7217,0
7218,0
7219,0
7220,49
7221,23
7222,1
7223,2
7224,9
7225,6
7226,34
7227,3
7228,20
7229,4
7230,0
7231,28
7232,0
7233,35
7234,7
7235,26
7236,1
7237,6
7238,1
7239,0
7240,1
7241,0
7242,1
7243,4
7244,0
7245,1
7246,1
7247,4
7248,1
7249,0
7250,5
7251,1
7252,3
7253,0
7254,26
7255,41
7256,23
7257,31
7258,4
7259,2
7260,1
7261,1
7262,1
7263,1
7264,68
7265,16
7266,33
7267,4
7268,13
7269,148
7270,37
7271,3
7272,12
7273,38
7274,49
7275,0
7276,0
7277,1
7278,0
7279,2
7280,0
7281,0
7282,0
7283,0
7284,0
7285,0
7286,0
7287,0
7288,0
7289,0
7290,0
7291,0
7292,0
7293,0
7294,0
7295,0
7296,0
7297,0
7298,0
7299,0
7300,0
7301,0
7302,0
7303,0
7304,0
7305,0
7306,0
7307,0
7308,0
7309,0
7310,0
7311,0
7312,0
7313,1109
7314,133
7315,106
7316,4365
7317,222
7318,0
7319,40
7320,8
7321,0
7322,100
7323,71
7324,13
7325,0
7326,20
7327,0
7328,0
7329,2
7330,0
7331,0
7332,0
7333,0
7334,0
7335,36
7336,6
7337,4
7338,16
7339,29
7340,2623
7341,221
7342,0
7343,112
7344,15
7345,12
7346,34
7347,1
7348,16
7349,12
7350,6
7351,0
7352,1
7353,96
7354,15
7355,3
7356,34
7357,1373
7358,71
7359,24
7360,123
7361,54
7362,42
7363,31
7364,23
7365,11
7366,2
7367,12
7368,5
7369,6
7370,3
7371,0
7372,6
7373,4
7374,8
7375,0
7376,13
7377,8
7378,9
7379,39
7380,125
7381,24
7382,1562
7383,25
7384,3
7385,0
7386,4
7387,33
7388,7
7389,0
7390,4
7391,0
7392,0
7393,2
7394,0
7395,3
7396,0
7397,0
7398,8
7399,0
7400,0
7401,7
7402,0
7403,0
7404,2
7405,0
7406,0
7407,16
7408,5
7409,0
7410,77
7411,418
7412,51
7413,24
7414,7
7415,0
7416,149
7417,16
7418,2261
7419,27
7420,69
7421,29
7422,3
7423,2
7424,0
7425,670
7426,340
7427,1
7428,0
7429,5
7430,10
7431,5
7432,0
7433,131
7434,10
7435,83
7436,2
7437,0
7438,3
7439,0
7440,0
7441,1
7442,0
7443,0
7444,0
7445,0
7446,0
7447,1
7448,0
7449,0
7450,0
7451,0
7452,0
7453,1
7454,0
7455,0
7456,0
7457,0
7458,0
7459,1
7460,0
7461,0
7462,0
7463,0
7464,0
7465,1
7466,0
7467,0
7468,0
7469,0
7470,0
7471,1
7472,0
7473,0
7474,0
7475,33
7476,95
7477,18
7478,22
7479,46
7480,61
7481,47
7482,15
7483,54
7484,53
7485,11
7486,15
7487,38
7488,32
7489,23
7490,9
7491,43
7492,1
7493,1
7494,0
7495,1
7496,1
7497,0
7498,1
7499,0
7500,1
7501,1
7502,7
7503,2
7504,0
7505,0
7506,0
7507,15
7508,45
7509,0
7510,20
7511,0
7512,0
7513,0
7514,2
7515,5
7516,26
7517,3
7518,0
7519,192
7520,165
7521,78
7522,177
7523,191
7524,153
7525,719
7526,1
7527,267
7528,3
7529,0
7530,0
7531,3
7532,12
7533,4
7534,0
7535,1
7536,12
7537,14
7538,2
7539,11
7540,15
7541,1
7542,3
7543,83
7544,69
7545,0
7546,1
7547,80
7548,90
7549,11
7550,17
7551,16
7552,2
7553,8
7554,95
7555,78
7556,0
7557,1
7558,91
7559,122
7560,21
7561,3
7562,1
7563,1
7564,2
7565,8
7566,2
7567,0
7568,0
7569,8
7570,16
7571,5
7572,9
7573,11
7574,0
7575,1
7576,67
7577,60
7578,0
7579,0
7580,67
7581,7
7582,984
7583,0
7584,0
7585,0
7586,0
7587,2
7588,10
7589,5
7590,0
7591,7
7592,2
7593,0
7594,30
7595,10
7596,1
7597,1
7598,0
7599,183
7600,0
7601,0
7602,0
7603,0
7604,0
7605,0
7606,0
7607,0
7608,0
7609,2
7610,13
7611,5
7612,8
7613,0
7614,4
7615,6
7616,0
7617,3
7618,637
7619,10
7620,37
7621,2
7622,5
7623,21
7624,2
7625,339
7626,14
7627,0
7628,2
7629,4
7630,2
7631,10
7632,8
7633,16
7634,1046
7635,718
7636,189
7637,138
7638,39
7639,0
7640,0
7641,644
7642,2
7643,1018
7644,0
7645,136
7646,449
7647,79
7648,67
7649,59
7650,45
7651,6
7652,120
7653,4
7654,5
7655,7
7656,0
7657,1
7658,100
7659,143
7660,28
7661,227
7662,14
7663,186
7664,193
7665,516
7666,207
7667,141
7668,78
7669,79
7670,154
7671,105
7672,0
7673,2
7674,55
7675,194
7676,43
7677,29
7678,41
7679,91
7680,2
7681,4
7682,3
7683,0
7684,0
7685,0
7686,0
7687,0
7688,2
7689,3
7690,2
7691,0
7692,0
7693,0
7694,0
7695,0
7696,0
7697,0
7698,0
7699,0
7700,0
7701,365
7702,0
7703,0
7704,0
7705,0
7706,0
7707,0
7708,0
7709,0
7710,0
7711,0
7712,0
7713,0
7714,0
7715,0
7716,0
7717,0
7718,0
7719,0
7720,0
7721,0
7722,0
7723,0
7724,0
7725,0
7726,0
7727,0
7728,0
7729,0
7730,0
7731,0
7732,0
7733,0
7734,0
7735,0
7736,0
7737,0
7738,0
7739,0
7740,0
7741,0
7742,0
7743,0
7744,1
7745,0
7746,0
7747,0
7748,0
7749,0
7750,0
7751,1
7752,0
7753,0
7754,0
7755,0
7756,0
7757,2
7758,0
7759,0
7760,0
7761,0
7762,0
7763,2
7764,0
7765,3
7766,0
7767,0
7768,0
7769,0
7770,0
7771,1
7772,0
7773,2
7774,0
7775,0
7776,416
7777,266
7778,0
7779,0
7780,18
7781,16
7782,19
7783,0
7784,456
7785,194
7786,1
7787,0
7788,36
7789,20
7790,30
7791,14
7792,0
7793,0
7794,0
7795,4
7796,1
7797,4
7798,1
7799,12
7800,1
7801,0
7802,0
7803,8
7804,1
7805,2
7806,20
7807,2
7808,0
7809,15
7810,0
7811,0
7812,0
7813,16
7814,2
7815,0
7816,0
7817,0
7818,1
7819,1
7820,0
7821,0
7822,3
7823,0
7824,22
7825,3
7826,3
7827,2
7828,3
7829,612
7830,0
7831,0
7832,0
7833,1
7834,1
7835,0
7836,1282
7837,423
7838,61
7839,69
7840,3
7841,3
7842,4
7843,3
7844,4
7845,3
7846,5
7847,3
7848,0
7849,0
7850,0
7851,0
7852,0
7853,0
7854,0
7855,0
7856,0
7857,2
7858,1
7859,1
7860,12
7861,7
7862,10
7863,9
7864,0
7865,0
7866,0
7867,0
7868,4
7869,3
7870,2
7871,3
7872,109
7873,59
7874,77
7875,129
7876,226
7877,117
7878,164
7879,216
7880,1
7881,0
7882,1
7883,0
7884,34
7885,15
7886,36
7887,34
7888,21
7889,13
7890,14
7891,17
7892,245
7893,107
7894,209
7895,207
7896,0
7897,1
7898,1
7899,1
7900,1
7901,0
7902,0
7903,0
7904,0
7905,0
7906,0
7907,0
7908,8
7909,6
7910,4
7911,8
7912,2
7913,0
7914,0
7915,1
7916,1
7917,1
7918,0
7919,0
7920,0
7921,0
7922,0
7923,0
7924,0
7925,0
7926,0
7927,0
7928,0
7929,0
7930,0
7931,1
7932,0
7933,0
7934,0
7935,0
7936,0
7937,0
7938,0
7939,0
7940,0
7941,0
7942,0
7943,0
7944,0
7945,0
7946,0
7947,0
7948,0
7949,0
7950,0
7951,0
7952,0
7953,0
7954,0
7955,0
7956,3
7957,0
7958,2
7959,1
7960,2
7961,1
7962,0
7963,0
7964,0
7965,1
7966,0
7967,0
7968,1
7969,1
7970,0
7971,1
7972,0
7973,0
7974,0
7975,2
7976,0
7977,0
7978,0
7979,0
7980,0
7981,0
7982,0
7983,0
7984,0
7985,0
7986,0
7987,0
7988,0
7989,0
7990,0
7991,0
7992,0
7993,0
7994,0
7995,0
7996,0
7997,0
7998,0
7999,0
8000,0
8001,2
8002,0
8003,124
8004,1
8005,64
8006,0
8007,1
8008,0
8009,436
8010,292
8011,296
8012,16
8013,2
8014,1
8015,10
8016,2
8017,23
8018,68
8019,36
8020,16
8021,106
8022,72
8023,51
8024,9
8025,1
8026,1
8027,5
8028,2
8029,13
8030,34
8031,23
8032,13
8033,18
8034,34
8035,0
8036,0
8037,4
8038,9
8039,8
8040,5
8041,3
8042,0
8043,0
8044,0
8045,0
8046,1
8047,0
8048,0
8049,0
8050,0
8051,0
8052,2131
8053,1713
8054,18
8055,321
8056,14
8057,5
8058,17
8059,2
8060,2
8061,51
8062,0
8063,0
8064,0
8065,0
8066,0
8067,0
8068,0
8069,0
8070,0
8071,0
8072,0
8073,83
8074,43
8075,71
8076,15
8077,22
8078,34
8079,34
8080,30
8081,17
8082,17
8083,17
8084,17
8085,57
8086,13
8087,3
8088,1
8089,1
8090,290
8091,290
8092,1
8093,2
8094,1
8095,1
8096,1
8097,291
8098,193
8099,2
8100,2
8101,1
8102,1
8103,0
8104,0
8105,0
8106,0
8107,0
8108,0
8109,0
8110,0
8111,0
8112,1
8113,0
8114,0
8115,0
8116,0
8117,16
8118,270
8119,45
8120,1
8121,1
8122,21
8123,5
8124,0
8125,68
8126,8
8127,14
8128,19
8129,21
8130,0
8131,0
8132,18
8133,764
8134,116
8135,304
8136,1007
8137,80
8138,561
8139,11
8140,0
8141,69
8142,53
8143,184
8144,151
8145,182
8146,204
8147,211
8148,187
8149,152
8150,67
8151,201
8152,175
8153,202
8154,221
8155,240
8156,187
8157,170
8158,191
8159,247
8160,217
8161,249
8162,279
8163,286
8164,224
8165,181
8166,209
8167,273
8168,241
8169,269
8170,301
8171,312
8172,241
8173,201
8174,219
8175,93
8176,87
8177,91
8178,105
8179,101
8180,80
8181,71
8182,87
8183,10
8184,19
8185,29
8186,27
8187,33
8188,6
8189,2
8190,28
8191,2
8192,0
8193,2
8194,0
8195,7
8196,6
8197,1
8198,6
8199,0
8200,0
8201,0
8202,947
8203,1065
8204,286
8205,360
8206,409
8207,475
8208,154
8209,209
8210,4
8211,6
8212,11
8213,1
8214,0
8215,1
8216,2
8217,182
8218,9
8219,1
8220,11
8221,1
8222,7
8223,0
8224,11
8225,6
8226,29
8227,9
8228,4
8229,1
8230,3
8231,1
8232,44
8233,29
8234,64
8235,14
8236,41
8237,76
8238,163
8239,18
8240,19
8241,195
8242,142
8243,4
8244,61
8245,337
8246,390
8247,25
8248,15
8249,0
8250,0
8251,0
8252,1
8253,0
8254,1
8255,0
8256,0
8257,778
8258,7
8259,100
8260,51
8261,361
8262,43
8263,29
8264,0
8265,0
8266,7
8267,3
8268,0
8269,0
8270,0
8271,0
8272,2
8273,0
8274,1
8275,1
8276,0
8277,0
8278,4
8279,78
8280,41
8281,0
8282,1
8283,70
8284,2
8285,2
8286,90
8287,21
8288,25
8289,4
8290,10
8291,1
8292,37
8293,2
8294,3
8295,1
8296,1
8297,0
8298,1
8299,0
8300,2
8301,0
8302,1
8303,0
8304,3
8305,2
8306,1
8307,0
8308,1
8309,1
8310,0
8311,0
8312,1
8313,0
8314,0
8315,0
8316,95
8317,0
8318,0
8319,0
8320,0
8321,0
8322,0
8323,0
8324,0
8325,0
8326,0
8327,0
8328,0
8329,11
8330,0
8331,0
8332,1
8333,7
8334,3
8335,0
8336,0
8337,2
8338,0
8339,0
8340,0
8341,12
8342,1
8343,0
8344,0
8345,1
8346,0
8347,0
8348,21
8349,19
8350,34
8351,11
8352,0
8353,22
8354,948
8355,1868
8356,1866
8357,1140
8358,1089
8359,1
8360,35
8361,938
8362,1003
8363,34
8364,0
8365,35
8366,0
8367,0
8368,1
8369,255
8370,122
8371,338
8372,0
8373,0
8374,1
8375,8
8376,5
8377,2
8378,1
8379,9
8380,0
8381,680
8382,1776
8383,1
8384,2
8385,1
8386,476
8387,27
8388,386
8389,443
8390,2
8391,6
8392,44
8393,0
8394,0
8395,0
8396,0
8397,0
8398,0
8399,0
8400,0
8401,0
8402,0
8403,0
8404,0
8405,0
8406,0
8407,0
8408,0
8409,20
8410,11
8411,11
8412,33
8413,46
8414,34
8415,42
8416,27
8417,19
8418,2
8419,0
8420,1
8421,0
8422,0
8423,33
8424,1
8425,0
8426,0
8427,0
8428,0
8429,0
8430,882
8431,29
8432,0
8433,13
8434,0
8435,1
8436,63
8437,36
8438,39
8439,23
8440,171
8441,12
8442,185
8443,14
8444,31
8445,0
8446,107
8447,27
8448,0
8449,72
8450,133
8451,3
8452,0
8453,78
8454,140
8455,3
8456,1
8457,1
8458,2
8459,597
8460,69
8461,674
8462,9
8463,7
8464,3
8465,5
8466,55
8467,17
8468,158
8469,75
8470,122
8471,78
8472,11
8473,71
8474,11
8475,43
8476,448
8477,10
8478,75
8479,2341
8480,2
8481,24
8482,13
8483,10
8484,1356
8485,26
8486,8
8487,11
8488,50
8489,17
8490,826
8491,487
8492,0
8493,13
8494,5
8495,177
8496,3
8497,177
8498,191
8499,411
8500,1
8501,120
8502,0
8503,0
8504,0
8505,0
8506,0
8507,0
8508,1
8509,0
8510,0
8511,0
8512,0
8513,0
8514,0
8515,29
8516,2
8517,18
8518,395
8519,298
8520,0
8521,21
8522,0
8523,102
8524,152
8525,0
8526,0
8527,0
8528,159
8529,303
8530,270
8531,66
8532,108
8533,26
8534,20
8535,40
8536,11
8537,123
8538,152
8539,78
8540,9
8541,50
8542,85
8543,57
8544,8
8545,10
8546,13
8547,6
8548,2
8549,20
8550,21
8551,11
8552,2
8553,14
8554,343
8555,0
8556,11
8557,11
8558,8
8559,7
8560,19
8561,18
8562,15
8563,11
8564,17
8565,18
8566,16
8567,10
8568,27
8569,26
8570,20
8571,11
8572,199
8573,9
8574,7
8575,2
8576,1694
8577,36
8578,0
8579,0
8580,0
8581,0
8582,0
8583,1
8584,1
8585,1
8586,0
8587,2
8588,0
8589,1
8590,0
8591,47
8592,375
8593,181
8594,179
8595,185
8596,384
8597,746
8598,333
8599,12
8600,71
8601,490
8602,1319
8603,378
8604,3
8605,1
8606,3
8607,0
8608,0
8609,0
8610,34
8611,620
8612,1
8613,34
8614,119
8615,262
8616,63
8617,35
8618,0
8619,9
8620,27
8621,93
8622,22
8623,26
8624,0
8625,5
8626,3
8627,22
8628,4
8629,4
8630,0
8631,2
8632,4
8633,10
8634,5
8635,3
8636,0
8637,0
8638,0
8639,0
8640,0
8641,0
8642,0
8643,0
8644,3
8645,2
8646,2
8647,4
8648,0
8649,2
8650,4
8651,3
8652,1
8653,3
8654,0
8655,0
8656,2
8657,1
8658,1
8659,0
8660,0
8661,0
8662,0
8663,0
8664,0
8665,0
8666,0
8667,9
8668,2108
8669,5
8670,23
8671,108
8672,25
8673,26
8674,19
8675,136
8676,9
8677,13
8678,0
8679,1
8680,1
8681,2
8682,1907
8683,145
8684,55
8685,1
8686,32
8687,74
8688,4
8689,7
8690,2
8691,0
8692,4
8693,0
8694,15
8695,17
8696,11
8697,0
8698,2
8699,7
8700,1
8701,1
8702,0
8703,0
8704,0
8705,0
8706,2
8707,0
8708,0
8709,63
8710,34
8711,1
8712,16
8713,30
8714,3
8715,4
8716,0
8717,0
8718,5
8719,1
8720,6
8721,0
8722,0
8723,3
8724,0
8725,0
8726,1
8727,0
8728,1
8729,9
8730,3
8731,1
8732,0
8733,2
8734,1
8735,11
8736,51
8737,40
8738,971
8739,67
8740,0
8741,0
8742,18
8743,254
8744,130
8745,49
8746,43
8747,39
8748,53
8749,58
8750,89
8751,59
8752,2
8753,2
8754,74
8755,450
8756,64
8757,28
8758,21
8759,30
8760,29
8761,52
8762,32
8763,2
8764,0
8765,44
8766,418
8767,14
8768,8
8769,5
8770,7
8771,6
8772,17
8773,12
8774,2
8775,1
8776,11
8777,111
8778,308
8779,317
8780,120
8781,152
8782,114
8783,241
8784,667
8785,263
8786,3
8787,56
8788,394
8789,854
8790,719
8791,351
8792,410
8793,284
8794,513
8795,1333
8796,590
8797,15
8798,95
8799,855
8800,2292
8801,90
8802,349
8803,411
8804,8
8805,21
8806,738
8807,421
8808,16
8809,6
8810,918
8811,729
8812,60
8813,170
8814,239
8815,2
8816,6
8817,340
8818,178
8819,7
8820,2
8821,435
8822,294
8823,48
8824,21
8825,133
8826,0
8827,52
8828,301
8829,38
8830,0
8831,48
8832,167
8833,49
8834,225
8835,304
8836,446
8837,9
8838,121
8839,1509
8840,621
8841,4
8842,97
8843,755
8844,942
8845,702
8846,309
8847,445
8848,248
8849,427
8850,1339
8851,540
8852,13
8853,96
8854,857
8855,2219
8856,48
8857,79
8858,113
8859,1
8860,4
8861,148
8862,61
8863,4
8864,1
8865,206
8866,129
8867,163
8868,32
8869,44
8870,38
8871,65
8872,110
8873,26
8874,1
8875,6
8876,85
8877,250
8878,5
8879,45
8880,4
8881,0
8882,1
8883,1
8884,1
8885,1
8886,1
8887,1
8888,155
8889,77
8890,19
8891,0
8892,20
8893,2
8894,6
8895,4
8896,2
8897,2
8898,1
8899,30
8900,28
8901,16
8902,7
8903,0
8904,0
8905,0
8906,0
8907,0
8908,0
8909,6
8910,15
8911,0
8912,4
8913,0
8914,0
8915,3
8916,0
8917,2
8918,4
8919,86
8920,451
8921,0
8922,0
8923,423
8924,3
8925,1
8926,1
8927,1
8928,1
8929,40
8930,35
8931,34
8932,0
8933,1
8934,671
8935,562
8936,439
8937,3
8938,21
8939,11
8940,10
8941,9
8942,0
8943,0
8944,11
8945,11
8946,9
8947,1
8948,1
8949,32
8950,311
8951,4
8952,0
8953,2
8954,0
8955,380
8956,0
8957,83
8958,688
8959,148
8960,418
8961,737
8962,383
8963,398
8964,73
8965,26
8966,79
8967,30
8968,14
8969,43
8970,45
8971,17
8972,41
8973,9
8974,5
8975,18
8976,5
8977,4
8978,11
8979,8
8980,4
8981,7
8982,63
8983,22
8984,70
8985,25
8986,13
8987,36
8988,40
8989,15
8990,37
8991,10
8992,4
8993,9
8994,7
8995,2
8996,7
8997,13
8998,4
8999,10
9000,49
9001,10
9002,43
9003,16
9004,5
9005,19
9006,27
9007,7
9008,21
9009,19
9010,0
9011,0
9012,6
9013,258
9014,2
9015,3
9016,1
9017,11
9018,4
9019,0
9020,8
9021,4
9022,0
9023,23
9024,11
9025,1
9026,1
9027,11
9028,7
9029,3
9030,1
9031,8
9032,7
9033,1220
9034,1
9035,1
9036,1
9037,0
9038,0
9039,0
9040,0
9041,0
9042,0
9043,0
9044,0
9045,0
9046,0
9047,0
9048,0
9049,1
9050,1
9051,0
9052,0
9053,34
9054,16
9055,42
9056,18
9057,216
9058,1238
9059,162
9060,2920
9061,13
9062,827
9063,0
9064,0
9065,0
9066,0
9067,0
9068,36
9069,28
9070,188
9071,0
9072,27
9073,0
9074,0
9075,0
9076,5
9077,20
9078,1
9079,3
9080,5
9081,21
9082,6
9083,15
9084,32
9085,459
9086,6
9087,1183
9088,287
9089,0
9090,25
9091,0
9092,0
9093,4
9094,2
9095,0
9096,2
9097,1
9098,0
9099,0
9100,68
9101,1
9102,3
9103,2
9104,0
9105,0
9106,0
9107,0
9108,0
9109,0
9110,0
9111,216
9112,0
9113,205
9114,0
9115,838
9116,155
9117,720
9118,1449
9119,35
9120,2
9121,3956
9122,0
9123,1635
9124,1027
9125,2
9126,1
9127,5
9128,26
9129,0
9130,1
9131,1
9132,4
9133,2
9134,0
9135,33
9136,1
9137,1
9138,0
9139,3
9140,12
9141,34
9142,0
9143,0
9144,1
9145,4
9146,0
9147,0
9148,208
9149,0
9150,8
9151,2
9152,0
9153,0
9154,0
9155,0
9156,0
9157,0
9158,0
9159,0
9160,0
9161,0
9162,0
9163,0
9164,0
9165,0
9166,0
9167,0
9168,0
9169,0
9170,0
9171,0
9172,0
9173,0
9174,0
9175,0
9176,2
9177,7
9178,0
9179,0
9180,0
9181,0
9182,0
9183,0
9184,1
9185,1
9186,0
9187,0
9188,347
9189,0
9190,0
9191,0
9192,0
9193,1
9194,0
9195,0
9196,0
9197,0
9198,0
9199,0
9200,0
9201,0
9202,0
9203,0
9204,0
9205,1317
9206,712
9207,944
9208,6
9209,4
9210,1
9211,0
9212,0
9213,17
9214,115
9215,59
9216,62
9217,5
9218,62
9219,12
9220,0
9221,20
9222,49
9223,4
9224,17
9225,19
9226,0
9227,4
9228,0
9229,2
9230,0
9231,10
9232,0
9233,39
9234,0
9235,0
9236,0
9237,5
9238,0
9239,0
9240,0
9241,0
9242,0
9243,0
9244,5
9245,0
9246,0
9247,0
9248,0
9249,0
9250,0
9251,44
9252,0
9253,0
9254,2
9255,81
9256,0
9257,0
9258,0
9259,0
9260,0
9261,0
9262,0
9263,0
9264,189
9265,96
9266,17
9267,6
9268,6
9269,3
9270,4
9271,4
9272,1
9273,3
9274,0
9275,0
9276,1
9277,3
9278,0
9279,36
9280,25
9281,71
9282,59
9283,1
9284,3
9285,3
9286,0
9287,0
9288,0
9289,0
9290,0
9291,7
9292,1
9293,2
9294,6
9295,1
9296,0
9297,0
9298,0
9299,1
9300,1
9301,3
9302,244
9303,2696
9304,573
9305,88
9306,91
9307,1
9308,2134
9309,35
9310,296
9311,12
9312,1
9313,1
9314,102
9315,0
9316,3
9317,3
9318,3
9319,2
9320,5
9321,0
9322,0
9323,0
9324,0
9325,0
9326,0
9327,0
9328,1347
9329,1079
9330,532
9331,276
9332,4
9333,79
9334,49
9335,102
9336,130
9337,5
9338,0
9339,1
9340,1
9341,1
9342,8
9343,130
9344,8
9345,141
9346,205
9347,8
9348,57
9349,33
9350,3
9351,25
9352,388
9353,327
9354,8
9355,124
9356,0
9357,442
9358,74
9359,0
9360,0
9361,168
9362,503
9363,896
9364,673
9365,91
9366,60
9367,73
9368,241
9369,0
9370,3
9371,115
9372,1
9373,58
9374,305
9375,0
9376,48
9377,444
9378,2
9379,1
9380,3
9381,2
9382,0
9383,0
9384,0
9385,0
9386,0
9387,28
9388,8
9389,1
9390,1
9391,1
9392,1
9393,4
9394,3
9395,29
9396,9
9397,1
9398,1
9399,1
9400,1
9401,3
9402,2
9403,2
9404,0
9405,60
9406,3
9407,0
9408,0
9409,0
9410,0
9411,0
9412,0
9413,1
9414,0
9415,2
9416,1
9417,0
9418,0
9419,13
9420,14
9421,5
9422,42
9423,21
9424,195
9425,55
9426,217
9427,20
9428,73
9429,118
9430,0
9431,640
9432,22
9433,382
9434,1609
9435,0
9436,0
9437,0
9438,0
9439,0
9440,0
9441,0
9442,0
9443,0
9444,0
9445,0
9446,0
9447,0
9448,0
9449,0
9450,5
9451,5
9452,0
9453,6
9454,6
9455,1
9456,2
9457,1
9458,46
9459,21
9460,14
9461,13
9462,1
9463,0
9464,4
9465,69
9466,30
9467,45
9468,3
9469,1577
9470,1
9471,1
9472,0
9473,0
9474,1
9475,2
9476,0
9477,0
9478,3
9479,0
9480,7
9481,97
9482,93
9483,115
9484,91
9485,0
9486,0
9487,1
9488,1
9489,0
9490,0
9491,0
9492,17
9493,0
9494,10
9495,0
9496,323
9497,1
9498,1
9499,1
9500,4
9501,104
9502,0
9503,0
9504,0
9505,0
9506,0
9507,0
9508,0
9509,1
9510,3
9511,11
9512,0
9513,0
9514,0
9515,0
9516,0
9517,808
9518,46
9519,5
9520,0
9521,2
9522,0
9523,0
9524,0
9525,1
9526,0
9527,1
9528,0
9529,0
9530,0
9531,2
9532,0
9533,1
9534,0
9535,0
9536,0
9537,1
9538,0
9539,0
9540,0
9541,0
9542,0
9543,0
9544,0
9545,0
9546,0
9547,0
9548,0
9549,3
9550,0
9551,2
9552,1
9553,1
9554,0
9555,0
9556,0
9557,0
9558,0
9559,0
9560,0
9561,0
9562,0
9563,0
9564,0
9565,0
9566,0
9567,0
9568,0
9569,0
9570,0
9571,0
9572,0
9573,914
9574,489
9575,0
9576,0
9577,0
9578,0
9579,0
9580,0
9581,0
9582,1
9583,0
9584,8
9585,3
9586,1
9587,70
9588,1
9589,19
9590,7
9591,4
9592,0
9593,1
9594,1
9595,0
9596,0
9597,0
9598,5
9599,4
9600,0
9601,1
9602,4
9603,2
9604,0
9605,1
9606,3
9607,0
9608,0
9609,1
9610,0
9611,1
9612,2
9613,1
9614,0
9615,1
9616,0
9617,0
9618,0
9619,0
9620,0
9621,0
9622,0
9623,0
9624,0
9625,0
9626,0
9627,0
9628,0
9629,0
9630,0
9631,0
9632,0
9633,0
9634,418
9635,41
9636,289
9637,172
9638,7
9639,1
9640,252
9641,1356
9642,8
9643,194
9644,1200
9645,5
9646,16
9647,11
9648,5
9649,7
9650,0
9651,0
9652,0
9653,0
9654,0
9655,3
9656,0
9657,1
9658,0
9659,0
9660,0
9661,5
9662,0
9663,1
9664,0
9665,0
9666,0
9667,0
9668,0
9669,0
9670,0
9671,0
9672,0
9673,0
9674,0
9675,0
9676,4
9677,0
9678,9
9679,0
9680,0
9681,0
9682,0
9683,0
9684,0
9685,0
9686,0
9687,0
9688,0
9689,0
9690,0
9691,1
9692,0
9693,0
9694,0
9695,0
9696,0
9697,0
9698,2
9699,0
9700,185
9701,760
9702,8
9703,27
9704,0
9705,0
9706,15
9707,24
9708,12
9709,18
9710,0
9711,0
9712,10
9713,16
9714,0
9715,371
9716,0
9717,8
9718,0
9719,0
9720,0
9721,0
9722,0
9723,0
9724,0
9725,0
9726,0
9727,0
9728,0
9729,0
9730,0
9731,0
9732,0
9733,0
9734,0
9735,0
9736,0
9737,0
9738,0
9739,0
9740,0
9741,0
9742,0
9743,0
9744,0
9745,0
9746,0
9747,0
9748,0
9749,0
9750,0
9751,0
9752,0
9753,0
9754,0
9755,0
9756,0
9757,0
9758,0
9759,0
9760,15
9761,222
9762,15
9763,3
9764,11
9765,8
9766,11
9767,0
9768,3
9769,1
9770,4
9771,14
9772,24
9773,0
9774,9
9775,3
9776,5
9777,50
9778,0
9779,3
9780,1
9781,2
9782,4
9783,701
9784,0
9785,0
9786,0
9787,27
9788,5
9789,1
9790,2
9791,1
9792,0
9793,1
9794,2
9795,1
9796,0
9797,0
9798,0
9799,3
9800,5
9801,6
9802,0
9803,0
9804,0
9805,0
9806,0
9807,0
9808,0
9809,0
9810,0
9811,0
9812,0
9813,0
9814,0
9815,0
9816,0
9817,0
9818,140
9819,1
9820,0
9821,0
9822,0
9823,0
9824,1
9825,0
9826,1
9827,0
9828,0
9829,0
9830,0
9831,0
9832,0
9833,0
9834,0
9835,0
9836,0
9837,1
9838,0
9839,0
9840,1
9841,0
9842,0
9843,0
9844,0
9845,0
9846,1
9847,0
9848,0
9849,3
9850,94
9851,0
9852,77
9853,2
9854,9
9855,53
9856,694
9857,0
9858,0
9859,0
9860,0
9861,0
9862,0
9863,0
9864,0
9865,0
9866,0
9867,0
9868,0
9869,0
9870,0
9871,0
9872,0
9873,0
9874,0
9875,0
9876,0
9877,0
9878,0
9879,0
9880,0
9881,17
9882,1
9883,192
9884,6
9885,179
9886,218
9887,10
9888,1
9889,0
9890,1
9891,1
9892,0
9893,2
9894,0
9895,0
9896,1
9897,0
9898,1
9899,1
9900,0
9901,2
9902,0
9903,1
9904,0
9905,1
9906,0
9907,0
9908,0
9909,0
9910,0
9911,0
9912,12
9913,0
9914,0
9915,0
9916,0
9917,0
9918,0
9919,0
9920,0
9921,0
9922,0
9923,0
9924,0
9925,0
9926,0
9927,0
9928,0
9929,0
9930,0
9931,0
9932,0
9933,0
9934,0
9935,0
9936,0
9937,0
9938,0
9939,0
9940,0
9941,0
9942,0
9943,0
9944,0
9945,0
9946,0
9947,0
9948,0
9949,6
9950,222
9951,189
9952,5
9953,0
9954,24
9955,11
9956,0
9957,1
9958,1
9959,0
9960,0
9961,0
9962,0
9963,836
9964,0
9965,1
9966,0
9967,0
9968,45
9969,0
9970,0
9971,70
9972,37
9973,36
9974,26
9975,0
9976,0
9977,0
9978,0
9979,0
9980,0
9981,0
9982,0
9983,1
9984,0
9985,1
9986,0
9987,0
9988,0
9989,0
9990,0
9991,0
9992,0
9993,1
9994,0
9995,43
9996,722
9997,0
9998,1
9999,6
10000,0
10001,28
10002,4
10003,1
10004,15
10005,6
10006,0
10007,0
10008,0
10009,0
10010,0
10011,0
10012,0
10013,0
10014,0
10015,34
10016,0
10017,0
10018,0
10019,0
10020,0
10021,0
10022,0
10023,0
10024,0
10025,0
10026,0
10027,0
10028,0
10029,0
10030,0
10031,0
10032,0
10033,0
10034,0
10035,0
10036,0
10037,0
10038,0
10039,0
10040,0
10041,0
10042,0
10043,0
10044,0
10045,0
10046,0
10047,0
10048,0
10049,604
10050,1
10051,507
10052,7
10053,1
10054,2
10055,2
10056,1
10057,2
10058,5
10059,0
10060,0
10061,0
10062,0
10063,0
10064,0
10065,0
10066,0
10067,0
10068,0
10069,0
10070,0
10071,0
10072,0
10073,0
10074,0
10075,0
10076,0
10077,0
10078,0
10079,0
10080,0
10081,0
10082,0
10083,0
10084,0
10085,0
10086,0
10087,0
10088,0
10089,0
10090,0
10091,0
10092,0
10093,0
10094,0
10095,0
10096,0
10097,0
10098,0
10099,0
10100,0
10101,0
10102,0
10103,0
10104,0
10105,0
10106,0
10107,0
10108,0
10109,0
10110,0
10111,0
10112,0
10113,0
10114,0
10115,0
10116,0
10117,0
10118,0
10119,0
10120,0
10121,0
10122,0
10123,0
10124,0
10125,0
10126,0
10127,0
10128,0
10129,0
10130,0
10131,0
10132,0
10133,0
10134,0
10135,0
10136,0
10137,0
10138,0
10139,0
10140,0
10141,0
10142,0
10143,0
10144,0
10145,0
10146,0
10147,0
10148,0
10149,0
10150,0
10151,0
10152,0
10153,0
10154,0
10155,0
10156,0
10157,0
10158,0
10159,0
10160,0
10161,0
10162,0
10163,0
10164,0
10165,0
10166,0
10167,0
10168,0
10169,0
10170,0
10171,0
10172,0
10173,0
10174,0
10175,0
10176,0
10177,0
10178,0
10179,0
10180,0
10181,0
10182,0
10183,0
10184,0
10185,0
10186,0
10187,0
10188,0
10189,0
10190,0
10191,0
10192,0
10193,0
10194,0
10195,0
10196,0
10197,0
10198,0
10199,0
10200,0
10201,0
10202,0
10203,0
10204,0
10205,0
10206,0
10207,0
10208,0
10209,0
10210,0
10211,0
10212,0
10213,0
10214,0
10215,0
10216,0
